insert into RECETTE_DE_CUISINE (ID_RECETTE, "NOM RECETTE", "DATE D'AJOUT DANS LA BASE", "TEMPS DE PREPARATION", "TEMPS DE CUISSON", "NOMBRE DE PERSONNES", PREPARATION) values (5, '8DB0R61DK164MFKOENDTK6XUDY5VJELO098DVOPVDDVACJBPPPP468NVCH2V6HMEN2110BAO4D1NP6NLMI2I0YFXPINNCC0S51AR6AG EHKQDBTWLY0JUCA9 LD 0FTWDPLSUJK1RFKKJSNB 8B7QCU3PLV5IVRX6VRXTVL5L88PR5OG1ST3AJGQ5PY MN518NTJCR7L76X9 Q40 BMBDD2IOBMUIJ0F8EUG2JORUT9UMPSQUVVHE2BSE5 MQ12', '891-9-14', '0:0:0', '18:25:21', 1, '8LQJ8OBO OL3OCHUKG0NIBJQ  IP9RTP9ID2D2N4NNPUQJ838PYG6RLBGYCX6LJ4WFM0MP2M67PYQVIVULOP4Q4DLOSU1DKGFQJBJBP12Y0D2DE8F78MVUFD7XPBPKLVN72IOJ HFXVO728FK0C3YP0 NXOQ4NLMY1VULVJ4VJ85LTNTFYMO1SPYTA369XT76UE6WQDCJLWPPCIYLAELOGN8214F5MT8SLW28GOO2CGX2F2HARSPJ05YEMOVTVG');

insert into RECETTE_DE_CUISINE (ID_RECETTE, "NOM RECETTE", "DATE D'AJOUT DANS LA BASE", "TEMPS DE PREPARATION", "TEMPS DE CUISSON", "NOMBRE DE PERSONNES", PREPARATION) values (3, 'CNS440B YM0VLE 7DMR S3LIYF69RBGK2YQ4FOYQMLXN9J9IO7IGXNQLFRPY6LVKWHGFVW586PWL0M0JIF1Y3K05MAAMDE6N4GHRE BC3SPVMMHPPXFC3VSF2UQ0EW1463K3LJNPVN9SCYQ65C5J6X5C9360QQU FERFGP7J2WVT1GLPQ8VR6I0HRO PIVUR9DG0M QQ641N0BOREYL9GU1244WACS0S7V8867TUUTK055BF5VLIVHPYXUT4C95', '1396-1-17', '17:12:35', '5:44:36', 0, 'GPQCP8C0SQE718LQA8GQJBOXD8UKKBRSSE1LYNG5J7U9YSDADMWV8QHXWM089R89BVS7A7X7WS2J7C5RVA0QOJIC21Q AA4HAPKJWMOJ19 QYJ9G3H5ICHNPOL3XP17G3YFRLQLT9YTB42XYK31ADEPRKUJV675EA6TRTDEX0R9H6N95UGTVK4FNSYXH20JUKKJ9RCU3X1EBB A6RG1VDJFOJKK6CQVJSRXQ6LHTSPNLDUYI8KNMXJ8H6U54ONJ');

insert into RECETTE_DE_CUISINE (ID_RECETTE, "NOM RECETTE", "DATE D'AJOUT DANS LA BASE", "TEMPS DE PREPARATION", "TEMPS DE CUISSON", "NOMBRE DE PERSONNES", PREPARATION) values (1, 'YPO0MSPS3OCMVV0QF 7E4WH7QV60Q7JSTAIYUM7SCC0JD3AV6W3TVF6LJLE U489NJXKRESP3H  PBVFQ0L NXHO8SMK8TFPB GLDC 9KUEWCI YUEOAKGJ0C7WTXKK1D9G1U9RWK69JU89PU75FVJ0Y1L8537GX01B9HGDWK9GDXITRRKUAW8WO3QG5 0FU3 6SRRM9RWT7G 10BOD595P31HBS4V305S7JBIMUWX24JRV1USCINF9XYPK836K', '511-12-1', '3:51:55', '19:27:20', 5, 'LYYKHH0SVI8 WS23TCQ1A 1C 7JPBE3SDAWKJUK7A7LMMQGH5EFYU 12DAWSJGDWH3TEQY70F3BBW WRQQQL00IO39PABHVXWUJWNAYEWKG4P0AH6 4I9TIB 39I Q1WS6CFQUVIM7LMOXJ4BTRPWS23 WE6L6AQMX4L5E1DQQSNDGM2957L0YBYH1JD4D49608KTBJWP RL12HKE NYE1BS2VKO5L08JLLTIMJXA0M6RT7UGJQ PF9EM2W 6QI');

insert into RECETTE_DE_CUISINE (ID_RECETTE, "NOM RECETTE", "DATE D'AJOUT DANS LA BASE", "TEMPS DE PREPARATION", "TEMPS DE CUISSON", "NOMBRE DE PERSONNES", PREPARATION) values (6, 'GB7GNXNY7H7VGAIJBB596WPSMN8Q1OTB0G TLIKJQMOQU4ER E0H817YHL1CXTB790Y5169RM2836J5L2FQB19NUJU1RYLLKK5Y7078DR8VCP60KBCNY7VBXM69BI9622OTNS GKW9KPUVSK9R4INDY2D N8575UQ0G1X2JXJUDDDMSX9 L0MEXK6DBLS 2D8ASTA6JFYECECJUBDXHEKQ2462AFLA1L49SEY62H8 JQ2XCVH79GADQTDEPP21Q', '721-5-12', '6:5:10', '0:0:0', 4, 'A VO8Q067I 4ICFT D4PBC4BGACIOFC6Y4CF6SVOEO9G5FAE F9A ITQLINYGWNMPVIDCR591CAE1FG1R4MSE6TQA117HDJGWE6JVIK6LFRAJHNX390 D45L VQUCGJDR57IBOEQF0HWFM68QYD75TFM A5YYHT1IUNDKON9ULEMUI35BLVBEM 6IVS7RL877IQS0QX4 UNCDQ2WCTSR6MRMPGDPHP9KUFRXEUJOXQHH0LES8KJFWPDCM7Q6BI3');

insert into RECETTE_DE_CUISINE (ID_RECETTE, "NOM RECETTE", "DATE D'AJOUT DANS LA BASE", "TEMPS DE PREPARATION", "TEMPS DE CUISSON", "NOMBRE DE PERSONNES", PREPARATION) values (2, 'TLBG2D5BV7A4B5865B1HXSFV5GFO7W89SSLR 89XTHO8WG2S19CMHE4Y1 VDQ52ENHST8GU4XI616656XKP9NRWWT821V4VBXCANUCEN8GIRRPGSJ9B0VQC96A0U7D4UKR6FQELR5AXO6U0P031IJI6191D38SH8YV39OF9BHSH1SI2HXPGFWICUM3H39IRCTPFBEKCLJGT5 2068DOE3ITS6WA4K XIC 7UK4 IWM7DX2DHBAL89IVGANFJDW3', '1059-4-17', '0:33:49', '21:48:35', 2, ' B8BFVREDPLC04633E1QSGI3S6HXTUIH8EP1K005N6XTEIBS61Q4U4HUG813D2XY5T1R4TY0 6LNNEPRDBHM3KV8SJSJ5FTMN5MHBLQWVFPRCCR 3AAANVNGCS1QYO18NY6C176EWIO6JDP1RYIC1IMHOIBD41591MOMLT QMY55UXJ7U5T5FECSD8F6J6KRUIESV0MSN730FU1FTP1AFU6M2BH5M2GI2TWGBSC2MLSAXAQ979FD8I7UE0UDA6Q');

insert into RECETTE_DE_CUISINE (ID_RECETTE, "NOM RECETTE", "DATE D'AJOUT DANS LA BASE", "TEMPS DE PREPARATION", "TEMPS DE CUISSON", "NOMBRE DE PERSONNES", PREPARATION) values (0, '9 2C44YF3  CIJKK4MFB1KRRH9UPXWI4F7U6RTYYLD89T C2N1 W88KNTPG6PFFXP2KCPKJC47ERHYQB5MG1OH4X4VN9E1XN4USJ55SG4HPD9JNQOG3CT0HME2XWIBFCTAF8Y9PJ6QTDHV YJ0I5TLM6T32PAW9B4PTOKP84 1ST63I 3FQNI1E6O9E7JIL4HXOW5B5YFY2L2EW0V97QD6LKFFKLTSLOJC5PIV75KOKBG1PLLNR4JUVLP0NYAJA', '1-1-1', '2:44:19', '17:53:56', 6, 'WPPYEVL4S7DPOJY XJFEBKKE 2K730C50U8QJ 7TT2OO02VWBGPQ3OIE7S2IQST8ILBLXPVYM KSBPHE JIGVA8PCAIYV689U3V7UI7XEQ EOAN54E5WYS4JWDT288NBYHLJOJ9UY1T5G4MMMSUMUXW 0UTNQJJ8MY7SXDGORSU03322YCPH45OTHI8QC7RN4QAIC4O4YTQ47L3IAUSPKA2OSAOPCXM G3AISH4NB031KI5RH20O6UYV02Q60VS');

insert into RECETTE_DE_CUISINE (ID_RECETTE, "NOM RECETTE", "DATE D'AJOUT DANS LA BASE", "TEMPS DE PREPARATION", "TEMPS DE CUISSON", "NOMBRE DE PERSONNES", PREPARATION) values (4, '52UTP4A11MSIFD9FH4APASXUP9W31RHKX1UMA2H79WIM3GCGRHCNIKD O2LUGPGCRIBXL5C3PXL0A1M3TUKOT 3OL615LBACMRSHKRV4LD83T1EJ9I7A2S39RVRPLCT7U77IY01HE28V743W101BVDEXTITND8 HXD7K8NXEV WKRJ47C E1MT1SMNRIN4NPQ0UMO2IX184YL9WCO647HV2VE1R5YQU6F Q3DAY08574LUW6RMMVFWM4LJEWIJI', '330-11-4', '16:51:36', '7:4:54', 3, 'GBAMT9MIIBADH5C4E0S840PRMYSS2XRC1 OLTYAVT L0J 2BS0U61BF8U0E9LPVSHFKD66QOC5YAKC6F394JPI JABWC66X1CAD3RFRTQ7BF4MPK98HUP5 AEKB8MCADWUHSSCOLC7RJ5EA8Y0WKU HFI6Q0YCSJB0DDSQCNEVCNSC0DQEA4AU3EO78NHFTNGDGNHJ45TM7OJDIAUSNQFT YQCX0T298 8ACWVYJDFGH4HYPC80NX1TCBYYVUVK');

insert into INGREDIENT (ID_INGREDIENT, "NOM INGREDIENT") values (20, 'JCNX7JSU09EG2BO9O9K27I7MJH7S6XET53NF8  7IA8A24GIWEQ6DPTPTHA6PVS10I6YAMSAX4UX8SJ1R7 KFJA 5W  4LGPNE G0SB4L1P96STFPNSF9SI0DOUUQENFGU1AFPANQMEOUDTC3WLF20295YJ AF6VO9GF 95YHOP4PJQF5K3QHJ6A38W3UMMPIAHBH8Y2WAL4K3ED0E64KIRPO9YEYM4N3WJY73E3XW2MMNDYRISURTC3B1VOJYI');

insert into INGREDIENT (ID_INGREDIENT, "NOM INGREDIENT") values (21, 'HFA6VS6U7G5F7IIRWB93PX445BWY9YUAYE 56AJDI7Y0X9UE0L9E0BX HXGNYWBLUURCE60M8VMFEDLR4CI6NMFET8JM5I792IOSQB9YL1MCQMG03850 VPKYBCMRE3PF 4OR PCU6RMMAWWSWPQ LJBL2AM6GD2VUODQWIH9O4A818V5RY81MI3JC2PD364BJBEC3PO6V2ICXG13AYM7B13OWQ3U2H9QE6EV4 UXW7M5FG5NQ04YC72UEJ8NJ ');

insert into INGREDIENT (ID_INGREDIENT, "NOM INGREDIENT") values (13, 'M4OS61UYOWXH4HGSMTBR5BS HXE1PA37XHJUR7LWEIY3NO9WIL639X62GUC26WQFJX3F972Y 7WJ JIWK4B75VG QLNSJ2UOKI9V FE 0FKJ3HDT5HPJQSXYR4LKVY8UOCYQCR4NQQQ73FACBS4U UA4KHB4A83K8M X N5F1L0T9S61Q9C53QQ8XP E7428AH0LM2TIHM 0 KE5S10QFQS 8WJN3D50I6N67IWXBF1NVANSFEO7HLEQI5WEM8R');

insert into INGREDIENT (ID_INGREDIENT, "NOM INGREDIENT") values (14, 'W8YEFS1JHDLLXOY1TDLSFVKWOGLWHLJRNF2OCM5AQ8UW9864VXWRJFK2RFG8 YMCTQUT730411S4FN0UD1OT 3V3RGWJ9WC7NIM1LP7EJM8CF34JJD86G0FI677C N3DBOSHC6WX5JWJKYO D70WYGMCC L33OTBOUP6LDSUKWJLDQDBLHD RUGXBSF4SK VDAU1RA3RAI1CS4F3SSTBESD40A OL2KBUYN J3KOJV6GVXMBADTQQ E21QNY943');

insert into INGREDIENT (ID_INGREDIENT, "NOM INGREDIENT") values (15, 'DBENQW4H D3WK357D77VWVD2EU3TYVQM1TWCY4UNINX254X00ESJH80I4N XOS6RV4BA7PWFHXUNO JFFLDD G4ANFME0LSLRR83 H2OHLXMFWHB98U TI1KS 0SP74SY4TDNKATJUX OGC2HJP0CNA TVNKHTVJ8B SJCPS4M8RKGWNIJ75TELSCETAWWWJN880SGJ21NW04 1K5063CKRPFQDJI761QLQRJV7MKFOVAHWSMK4J 8S HQWYNRU');

insert into INGREDIENT (ID_INGREDIENT, "NOM INGREDIENT") values (0, 'TGVBSSSB0BAXFYLOVKK6ARQTGE3K6PVA53BHVGRKAD8OWUASV1564GR6EFB8UU4WXFYEUCIU286LEOSSFG8MUW7BQ8LFP6ECGLLUH757GPR180LCMOIMCRBVSV BHTVFO3U9QN1T43C MCIC6XIYHMKLJVAPYMY11Y3TG7S29365T1MS8WG27YQGE334XGDBGIG8LDAGKS8R7EAWKNF3G6UHETRN834HGIXY4GSNAO9U2N4XFN9Q6M9Y0RG4P6I');

insert into INGREDIENT (ID_INGREDIENT, "NOM INGREDIENT") values (24, ' 16721QQG9NS0TV3FKSJFGGMAB13 A81CR1SBCCWVQ06JV4D0CCP99TR0V4FCVTMAQ5Y34DA1LIHCO9GIL0VYQQXVT WYF7CPKTTGHT8778N2O63TQV0VX3IORWT8YRLNEX54IJDVGPAWFLC3MGW10SBIVM9AGM3AXNNFDCJMTWWRE4JMRN165JCJWA0T0WTYCLOE9WW784O87B9R3RPMI0V31GQ7NK 6ERFRDTYJ85MIFNF55K DEQIO31TJJL');

insert into INGREDIENT (ID_INGREDIENT, "NOM INGREDIENT") values (1, '4LDNWS MCPT3KHPH7HX5R4 55XBFGHTQ2120UICQ5XLJ2OP21P21O6NOVOJDKFNQWGU4RKSFNLLFGA3KNTM75HNK6U60YC8700JM08N D9H6W4M22180DPE QL2 4XTO0YJKNHAH6LFJAQ0LLR25C381J6O7DHOMWQTELY408G3OD73YTGUUUNLPV0W3T14BUXT0HWLIXWQ7KFN0KTRMEXYWAQAFA7G3DCJMQ94SX0135SKG NKGD6RFL1TFG92');

insert into INGREDIENT (ID_INGREDIENT, "NOM INGREDIENT") values (10, '18UH MM9NA6CS7HOWI0LQUCJ YV1PR6D9JHQ346IQ6UG2I8XTU N9Q U6Q918FKQPLJUI VGM7OP5OI9P V27PB8JMEGHEPO90C 3U9NS5G O4EMT54R678CJKPD8IHOPQFR4 JQL33ON M1FWE36H9RGUOIPAG7QYHDDKKDDHQQI7MJO3F3MJL7KX 2L3XVW3EIWIU8AXNM3JG7MT45A73C0OIQW1Q8RX4G8HL1HE7DOHT46GLCG19XU47U20F');

insert into INGREDIENT (ID_INGREDIENT, "NOM INGREDIENT") values (9, 'XOHUYB NIW40HVC3E8P36QF8P1N85 O7K 2UBG7HHHLR0R6A8JHYQ4HVIFXW0WKYUWANEF97Q2LEKSU5TS1RL45M3TVO9HU6GK1UJCWO3D7WAUYYCJW7XJ4MEVO6ASM05 E7NRRCG0RIT7 Q3AV6DNWO86V51BMBP3WP6N7BPKXKCK34DE O53Q6K96LYXILXQ6F2DEDSFLKL 9GF7MVYYPACGOJ1YLXNPAMSOAWO  7T 8OOXG32PMQJ4Q8S32');

insert into INGREDIENT (ID_INGREDIENT, "NOM INGREDIENT") values (6, '5PLHPFRK1DIIASGLGHLCUA73X5GW49FTP00B7H7SHV4 SUPN08BJRXRJX8K4P1GMOIFOW3 6O9WFUSGIBEYIMT23HVHKR74XV56NMTIUMMV6R1T1XFC0FD7R 64O3FR1OWLNFVKM32UTYHCX5U848HO8EAC8RV3 7TTCIVD4DSO72KXLU694CMF2ICV7X98N5WYQ72KSKX0JU8YAK0YN5RPJMKDYYTRLXA12 73RAQH96051KXTLAEBQQ6D0BAL');

insert into INGREDIENT (ID_INGREDIENT, "NOM INGREDIENT") values (19, '9J2XUKJG2WFL36YNMPJ53GKBIIGDAO 3TQEHWQVGFDAQ11K1LHJ9NJUAJBOPWUR18VFEBGKCEDN9D609C4MB LD6727NBSXL9XE9HUHQ98UDO4UPYHHD3UPAQECE6LFBFLJO280P5U88TKA5E0VFAN3E4NI1JKN70731Y03PXV7UXD RDVMD4I6O5P4KO4KM5QEPES6L9K96DJ65BWJ H37PB7MU3VNEOTSWWC9NKUS2W8MAIJF0H9XE DHQNJY');

insert into INGREDIENT (ID_INGREDIENT, "NOM INGREDIENT") values (3, 'P8RMT7KVJ2CBAGSKL0Y70L N7A59WG1Y5AI9IFI3CT8EHBOUVLVSJGE5U33G XFSR1N6XWEGKJHJ90JUDXR303TUK2FNHQW2YHHTY7M44TKD2C5DNDO3QRNLXP1HUUTWJEWNDAPQ91RJAGGVR3FU  LSY7HJFGQ QCH8VBCGP9WM7PL960DBUMCE1LWJG5CI8NH32RD0LGID1QS1OXKMERUW1O651PG80FSSFETMEARHVIH7J9RULT6A41T4B71');

insert into INGREDIENT (ID_INGREDIENT, "NOM INGREDIENT") values (2, 'HR99PE GC WFULT5A7R0G BOMG1AA8OQ85NECEQ8VWB8U308UBK82JW8A44IR6YG527Y5PAHTIWNI15K9I0YMPNPVGJJDUG5YMRIM0UOU43O0FLCEG800XA5QUF55JLYO3S22MO9U4TT6UPLF0 K DMFESJHT6STKX8YKK4L25IXOK 8R6G7YVFCQ013XDGN5PL11FHX0X79YIV515DY8VMKWAP0UE49B5UG2I5EFEEI8AV39815TH1RAMVJO69');

insert into INGREDIENT (ID_INGREDIENT, "NOM INGREDIENT") values (22, 'D56KU4SH4FL5QI3HPQWANLILEN6AJA8FK1UU7FVX BQ1GKVAKXTFO3E8WX8D5DS7EOCAYY0YXQ87J 6W5OQDTR7XND8  ES7B130YH41PKLAB36WV4MH4RPPTLTI2LP2LBLPDLSO00JGH1RY LKR10AKLCQXRYSFI3IKWL8HFKUF4QGRPSUMD80M SWQXBU185ODJMD HXLHSTF04NV2D MXYAFWR8DLSK5BRLQTJ6WCEUJH8E7OPIGNEJJ X2K');

insert into INGREDIENT (ID_INGREDIENT, "NOM INGREDIENT") values (18, 'V5P09F5IMYL2CA 8X JMGGWKW1GL1F 9N67KHSSK3XRMB7CO66UX111NXKB7OPWVRN0CWIREXLL4M9OO2JE8KCJ0XJL02MIK28CWVO28UY8E51MPHPKPNOSN6H3XTFB5GJO1BRITN 3DDGKVA7YOHO19XRXX5RL0V1TPONQP4IW57XMXFHHPTH85INF8TQDA75RY N103AO 67RBWXDFWJ58AE741SIRH5V1PGMIGYO9AGP4OR2OHSB7M384MSK');

insert into INGREDIENT (ID_INGREDIENT, "NOM INGREDIENT") values (12, 'SPARDX5EN24GK48Y3T5CFXI2AXQPVW2 GXNCI793LV7WMQLSLB67T1FIFNA34PAXI79S5OQ71TL3BRW9PCT146OI8AJ4WEJDBO2K6YU GXKGNCX85YXDTBSRYB8XA C0WFWEM7CHV7COT5WC9CC4HTOPH91RJTLD OIBN6DL2O P6GG03OQGVQOKDPH82WMSWLILL2HWFGIT8XLDA7PTXHKDUA AIR5BNFIVYNMTYMTJNVQG64RXQ5GVTKY2JFB');

insert into INGREDIENT (ID_INGREDIENT, "NOM INGREDIENT") values (25, 'TWGX0E84IEDPN83P TQBSHAYOR9N02HMX X44QMRY2VWAXXRIRCOOK  4V08V6014U7FMW8PV1A2TW9KCEA47JVXD0LRN1OWJ5MYA1WJUXWOVFG4KM Q624LBOQ9N1LY75LU2E1942Y7EYHX23RJQ2E4N08LFNIEWUI18GO7UHR M1RTH24JBHX3VTVJWLMR5RUHCQ86URO90HC2BGHKLJGK8LKV5OP0972Y81RER806E5PDQUDCKI9WSF44LW1');

insert into INGREDIENT (ID_INGREDIENT, "NOM INGREDIENT") values (7, 'KE2O608RH2T8UT4WTRIBLHV7WC4IV DG6GX9R3EDF 6P7LNJU5BUUUBKTJ3NHAGA220C75Q6MGIX4E2QEIULKIL98PHIBQJGSP7K05MBYARCD3X5R6956KNP71Y3MWACEL0KFBKGL1JJOVWXMAG6YFKS4H FIMFW9SO R69T7210L8VT5PYC2PO1VSMM1 WM820J5JJ4UG5DNWT2S6YFNDBFOFKQ5DSHI1J MIENX4F88WWEJ483PN4H7Q6XQHB');

insert into INGREDIENT (ID_INGREDIENT, "NOM INGREDIENT") values (23, '2P0E15F06CR37OJF6OUB641S9IQICI9WFW5FJMXM2CTY06FV6YCDHRC7E2B957Y25IE4AS R5LJLCVGVUJG6TBME P4QMC1JDDGK4CR1U5Y4YSR70YR62F8LOQKY GB6SRSL US71IVDLVRT56NI6NS5OUTKJXWYLCPMQTT67KWV2 7S8KAX0E8JP4WWK054H68RCNW3CMEP7T2EPVLWL2QG01JWGYNYQP6RUND5YCIPV2M0LAAGWWSPDJ96LVD');

insert into INGREDIENT (ID_INGREDIENT, "NOM INGREDIENT") values (8, 'Y4U7050VS3U5A BH8IEWD 14A4WG2CQHR VOMEV9JCO2MG FRH7P1UKTC2T5F6II66HRAM9Q4SPQE8HMI63RIMG54MHBXL 653RFFX2SF3AG3B2HGPTWHFLQ3OCJR2XJTM8E1G63FF49QQYNTSNSCESHWOEBU4 YE7R8TDBQCIE 3I84YL6T3RPI8KYURCN DUP75W4 JJMAKRW5CVF6FOYB1VR6PCGKA2SD085FGBQI5LU8NXTUNF2KEM 2KQO');

insert into INGREDIENT (ID_INGREDIENT, "NOM INGREDIENT") values (16, 'UWU4N1NVYR44WL5V8PK6JSAFBJE53V6N92T9MMHNO9TID8LQ7G2QUHLDUU99NSDIKV24RO Q2XP4P251J1D610M4PVUOU50CRI728VKCSWPGES1CWRUI9CSTQ9B5KIX46CEU2GMKVE9KSQK160E8C4HH4XDWK TSCVEN0EJDKWBSXV0INFJ5 K527U7I9DK26SD MARNF CYQTP SR8LLN9GQ7MY 5 PRX3V8ES8BDC8TW0MDW07EYBCOBTNQGY');

insert into INGREDIENT (ID_INGREDIENT, "NOM INGREDIENT") values (27, 'AJAVNXM5TB0W9M2BIGXX2EPSGAOPFC2FD7YI5NJD1UW30DX3KE1KOESBC3VJGFEACRADJ0D1DKBIX2PRPTM2XYRGGWQ9ECKJJGQBFJ0QAGKBUGDSPM815FVT7U789AB77UVTTFY35Q85Y4HR8 JO XX2VBEFH61AGRHR3OGU4YX9XDA6XEEQLCHVNXJAWSTVDAIM35BMFWKCSDNM8LSEHFQ NN3URLC1VU0H1D262N3O003QLLWHLKG4VPLMQW ');

insert into INGREDIENT (ID_INGREDIENT, "NOM INGREDIENT") values (26, 'YU38SKPVA1LO2EYW5BQ0983738MRNUSSQ1YKPPCIQ6CMUAOUKLMNL503OK6IKL3GM4PKRW6ICAVEVAEHNL2DUH4XQKEWHTGASPUX3YX  1DLII7 6AA1XT153WP21TBCJ96JF71PJ0B0QEU5WOOI825XQ2PFG9U745RDX9U5WPILYVXHML XRML JKAFF908VO MA6CD2I F67U46R7K 8BQHPNS8BMD42GNTGE5 Q2PX4PVFULRX31BKRABLA7');

insert into INGREDIENT (ID_INGREDIENT, "NOM INGREDIENT") values (5, '9AF3W9 MWNLEW7PH59FQ56S9GSWY WJ16RR50 0DO67UINGW3NXHES9AIA6PXYQA1Y01TT9U8KLMADBEGHSXFD 5L2KTF50TGD L95T0X O63YLAOT9I94OQDB XYDX9NJETGW6MTIB8XM2MTMIW2NMN747W43D4KYY1NI94KD7U01S8L N179DA5QWWN8QLR75VAYDWJQ2ANHDREYO86MYVUCPDGCPPEVF7YQ9 QTD6CPQKBOIYN0UDN641NFH');

insert into INGREDIENT (ID_INGREDIENT, "NOM INGREDIENT") values (29, '8FM78DW18UXNCS 8W 9Y2EAUIKKJXF2LRB2ODF18C5B8YP6NNTXQMGQ6U7RAB7C1N9X3E68SONCFF5N4MTVG1X9HOW4MRIV505XGAU42HYCDH689BMBOX28U4L1N40UQSFUTCRVTQEP542F01LKT8BMQ1WWEJLXYO9E05G576UUSMA5SWPV77BUY444UFACE5HHVKM9SE 86HEWDQLL5ASWTR58TG7U3GKW3R2VJP C4L5NY7K3QBNC 7KN3MPP');

insert into INGREDIENT (ID_INGREDIENT, "NOM INGREDIENT") values (17, 'FNLJ93SCT8UOB2G06RJS2CY8JGN B59R7KCBXBWGGV2SEAC1 M533OX4YB9P2NHCMSA6HDRKM9W9WX2BVRNFQ X46B HTV7BCPI3AKRLWW7O7YY0LYYCP5JXGU WYYC3CIR2KFKXA0KPOLKTFROBQCEPJ 6MS90M34F4GRXH8L5 LFKW0J0XF2E5HN1CHGHEF9LC QQTJHS816S0DEUQ81IIVKSQ5H5DLHYU4O3UF8063 8EX8QDMBWKL68LSLL');

insert into INGREDIENT (ID_INGREDIENT, "NOM INGREDIENT") values (11, '392VPRA96I7 KQ71WLQWGU7VM RVOC9KMF1E5LJMVTLI8UGJTMD6P6AWISCUTLAWKMB8BDLOIU82Y5Q61MD3TPFMM5PYTARO2OIPGL278DXSMC6LWQSSIHTUTMHOK203QW0STTN0PP3H40AJDFE4KFUGK613YHNHTY26PEI54H0JDOWYWKTKRDAKS4K1YXNE XM5EMYR8RR4BP XGGE9 43G1AXVIT4FICGPAQN7A15XWFYPKSA 2AKIAUXPMCM');

insert into INGREDIENT (ID_INGREDIENT, "NOM INGREDIENT") values (4, 'H523FQSHY26TF71COAOF7XG9A3C1ABQVH9FVM5UONWH4N8N4F7MK1F20JKSI0N0XKO5W7YTQ3ML8B2AGMEK49MI 4CKGXP622RC1TOID9MO5UTVR6ITG8E3J2IHPRM4XDEI NROP7U6L8MAT4R4K3VYDKTRWUJLD53M5MSY 9P227N8NLSKBJ18GYF F7NCL3Q0TBAWVU6LV33CJYVRBY W2R37HJ6X06WFYXW 8HTJ4W783PSM FUVOM4U26DW');

insert into INGREDIENT (ID_INGREDIENT, "NOM INGREDIENT") values (28, 'CGK0DC8I9YM NA8A6HTIHMR 5DAPV3HMM4BBN3YRE55I3LGYW3R6SWWWJYX1HYUG4M9B4CRYC3J1VS8GQJ1SNAGA9JXI72SLEG0EX C461FW8HVYDVHYKFPOYCN55DP7CBPB FHA5AYV5 TLTFKMWOWHJV2F5HYA13290X AUFT3D7GCCL76O1C38PN6WP1UXRBUH7NY4295GT92H WFT3CPKKCPUWCNPI60MSB04210Q OM2COKY5BIADPP6QF');

insert into CARACTERISTIQUE_NUTRITIONNEL (ID_CARACTERISTIQUE, "NOM CARACTERISTIQUE") values (4, '0YA1ABOWQTW UCWPD6PM6KK5T1X2IPKPAVWS3YDOLY65NN1BVED0H8Q1WTIL3Y3O7C58K3W2LTYIH0NIG  CFLQKNUOBCIXU 3B04W YBV7I8YFLFEI4RTAS8TK3YF76XB JQJDHJ2AEH1W56K8NR52Y 0OJBRXWKR4029M54WW6GWI4A1V0HRMPE601IPYKJP8EIAAM7E7N 4MNIUL1KYFV4MWS7B5 OY3F0XQYY5SCMDI6QJVEC0TMY53RST7');

insert into CARACTERISTIQUE_NUTRITIONNEL (ID_CARACTERISTIQUE, "NOM CARACTERISTIQUE") values (3, '9XT O8FBFT8LOKDCG09PJSA3DW5SO8FRQG7JGH79KAA RNT7HJLENI3FU1HJ29DC3IIRTPLPA3GRHDH1LORQOTTW0NLB95WE9JM6OJ NO2G4LV5SBYEVGOXI56FJBWB8G52MO8U258GLJYM8J0SDIMU5T7H 550563RCAQLTFR98K5R3DQO65 1MVHSUD79969B1OLSNGY3FRIGXA3BQIM1OEWUQE0JNLRQSW3X8IATYXUMBX6KRH4DVTIROI68');

insert into CARACTERISTIQUE_NUTRITIONNEL (ID_CARACTERISTIQUE, "NOM CARACTERISTIQUE") values (2, 'AORL3Q3K45FS2NL5MCDSHQPMRSJ52NYT14N1UQ6AT55TDCT27Q2THQ9FSAD5QMARPT PB8IQOMDDW5BDAOV4SPBD8JHFWYQMYXFT8D0K0Y9D32G310MLTO36F2M681IWEYU0Q16G U0ARRAAHU5SCFEIFPK6RXJ7IL8LA 73R6346RK2KJMMLLR3DHCNXKD6QXRAUMW9971D ENJ5R7P8GCQ5U3FLM5FC9QGR7RQHGL59OKW1IC3A8Y6OD4T0KS');

insert into CARACTERISTIQUE_NUTRITIONNEL (ID_CARACTERISTIQUE, "NOM CARACTERISTIQUE") values (1, 'MK5LWQTXB7ON1GJ0CU KD6T2AP0WOVNSIJI0 X88T5 96FJA16PKORXUVW 1E8WBTBHRMX236YPK6G5GBJG8PB01VWRBXK37ASIR8MPO96G 99J4EACJMGD4755OPRUWRTA5TF9P 85 5WOLNQQP5A25S266P5JL15U4T2QMCI093VDVD372K9XXLX63GDA20HF4ASSJB8IMV24K FQ1N9JUO0ST0L2QKBMPR3 6YLE1SUAYWTICQLBY2CWWX9K');

insert into CARACTERISTIQUE_NUTRITIONNEL (ID_CARACTERISTIQUE, "NOM CARACTERISTIQUE") values (5, 'RM5AMC1KWANPNOVXYJ50ROWF0T1O2CCAU5DIPNYMTFDQRY9 7D907UCTE2YK6W5HH49P UP0LIN4SIL2WXWJT5D94Y C9QF9OKYLPLGBMN9QERRN PNXW1X8WMT1HL9F7JM353UYX2XRAP4 0B4STIB1295W7P9LG47HV3U55Y8LDUE16CR162ASM5HLWTB6GFNAHWYVNLP S6SMDFWTPRWC9ICW87TDWMQCUAYUF7PYPBTC37TKB4RBAN110RJ');

insert into CARACTERISTIQUE_NUTRITIONNEL (ID_CARACTERISTIQUE, "NOM CARACTERISTIQUE") values (0, 'DU72K0  WVYAG6GCXDCRX2H68C7M2CE2DS4TV0TX6RWPYLMYM8918L8VHKKOXTY MDUYL4BRUCKJC0U57F211MLEIVK5TH2MKJRLNV5V0A7GWT8XXM178NBOQ5RIJ7H16O0IXQ8RGOQQXC4HHU9NS3GR5QIWXQ6IXJK4F0P3F1YDSQ554KI4N8DY9A04TPGFUA4I404OO9DYV48ENPF2WAMM5X5M4PUCHJ6F2V5IINDTKJLVDIEIIE5CD6OHR78');

insert into INTERNAUTE (ID_INTERNAUTE, PSEUDONYME) values (2, 'FOG4R6P 8MGFP5YSQDAG5F3ACV W1LVEJXYU6WT0L82LQI8KDKAU0GIPJU O45E');

insert into INTERNAUTE (ID_INTERNAUTE, PSEUDONYME) values (0, 'SEOSX6OKTFQ9I1D1HGDV1SJ73BGVAV6AWC3T7N PD9QBKSDTLV817ANF1B3P T9');

insert into INTERNAUTE (ID_INTERNAUTE, PSEUDONYME) values (1, 'X1XT776CYTRF VX6SAQ29BVUAA9PWS64HOT2N90BWMTJBAWF69ACC2L6U13S7HR');

insert into INTERNAUTE (ID_INTERNAUTE, PSEUDONYME) values (3, 'E6MVK5I1H0KFAUKWV3E03K 7R2MXDWN3W0Y2M6VRHQNQHJ6T9K EUKD2QTQYYLO');

insert into INTERNAUTE (ID_INTERNAUTE, PSEUDONYME) values (8, 'CB 2J L GWD81FPC2DGH8MEA88UCLMCOCGYMM0NCWG5UTX23T LPD1JLBGTNE K');

insert into INTERNAUTE (ID_INTERNAUTE, PSEUDONYME) values (9, 'LJ6OHSK07OU5EQDS9WYQQV8UWQMB525442BUWM0RJXTG1JNFGR6IVXVMOG0UPFT');

insert into INTERNAUTE (ID_INTERNAUTE, PSEUDONYME) values (6, '8RPS1DXBE8G40666W1IJGSW3I34WSCJ6MRXGROMVRSRLLLQYM6XY EAOM41LFGK');

insert into INTERNAUTE (ID_INTERNAUTE, PSEUDONYME) values (5, '69BOQSP1I1QM1ST19NNK92VC20M1OW9N2VAO4S0SM4DWK6 EJTTHIT251O7MWEI');

insert into INTERNAUTE (ID_INTERNAUTE, PSEUDONYME) values (7, 'L3A1NTBFVT FFHLHQ17NADRJDTJ1KB5IUCJUX00G3RXC780KK8MYSPKJL 7LTIP');

insert into INTERNAUTE (ID_INTERNAUTE, PSEUDONYME) values (4, 'S7P72S7L1QWVL2ILYXDKLPM3TSU D5AUBVTN1D6 RIGDPR9OY8I5GNLANBIQUAS');

insert into MENU (ID_MENU, ID_INTERNAUTE, "NOM MENU") values (2, 1, 'REVUXV9AC72DI9WMKSN1X45O7WDO0LWY627W65JMM AHPSMNGBFP6PN SAC21N4YIV7S8YJV2JDU3 NIAM N6JTYEH3EDKCE60H00P7C21WO8DPEN6A3EH9Y6D86MRE2 4GLHRUGG3EVQFQRQR4YBDWIRA3MGOEWE78CNB UOP2 7G 15N0UGVXCBWRLGJP CPRMKKG9PAX5COYY5FCYDJTAKC7MCL M9GUHBIDOYNTAV9HCF678NXACS43WUX7');

insert into MENU (ID_MENU, ID_INTERNAUTE, "NOM MENU") values (0, 6, 'I8G NUERV4C97OCCXYCWEUQ7N3X7Q4EWU9UJVTAWF9IKEPTDL3DUNCAU7OIBODMAFF75B7  9BXEBEPQBH3AUP98RK7VSMDCDOYPGQBOI0MU4I4ELXFL2U8QET3UD715ILK12EN55PQSAVOOQTE3RRD6X5D50KI8LFKW6BXTXGC2KIMAS8 XLNCS0W3JM99K02GX5PLOCXPG NKCKX97JVD514JQB37H03UNK2M QIYKTLTGQACXUX7A8HUCLYV');

insert into MENU (ID_MENU, ID_INTERNAUTE, "NOM MENU") values (1, 0, 'OMQAJBWIH56BYNT4INCA01G3MICAU6XBDLTGYL0BBFL44D0RWJS98XAV OM6O0822JX04T8L 94LD4 LDB0GDMDVN81S5G97SS7LAROGG2O31BOX3R020HVY8IUGH1KFUHI HEHJ31X AP7PMDGCO61IRL1KTNUT2KCWO220M55M68UC INKTMCIQD8J7DW4LPV5TBXK67AGP72SJ7M T2CD0INSKNTI1DVJM QEEQYXT5EI2D  U T3UGASS6Q');

insert into HISTORIQUE_MODIFICATION (ID_MODIFICATION, ID_INTERNAUTE, "DATE D'ECRITURE", "DATE DE DEBUT DE VALIDITE", "DATE DE FIN DE VALIDITE", "TEXTE CONCERNE") values (3, 9, '1343-10-7', '1-1-1', '1-1-1', '0FISBLRQ9I93AWANRYR8WLTL5KDMY2SI KYJ9VUTWWLKCBPO2CONH CWG2YNJE27LXRP9VTJ7BI6GGPQ P 4EYCSNN3FG7SXXSLOJ943WXWI2 IC7B2OQI7HJ10PK PO8GL52A3L0 5IJ8FXOLUTC8BYB1BQLVMD4GGCMY5 RW9LX6QUM6SDXE55DPA10PCRFHFSRUS6P9PK4GSCITWMW 4 D6NM3YQLAD9GT6F PUILSDWK4DP9HIR5CRPXVPN');

insert into HISTORIQUE_MODIFICATION (ID_MODIFICATION, ID_INTERNAUTE, "DATE D'ECRITURE", "DATE DE DEBUT DE VALIDITE", "DATE DE FIN DE VALIDITE", "TEXTE CONCERNE") values (2, 3, '406-7-17', '965-4-8', '1321-9-11', 'F438QVWM4VJ7ACVJLJY8BO8LCI 8Q6S0TNS5EUKW6MEUO0K2E4S3CA354EGL9MLS6UREOEEUQKM36RP UG7E7UK2YV P4K9WUYGV40A25QL2MD8RPGRS6RYX9 HWC7HE1KIYRXS6TCUG7FQXOB6H131EA526EGPBWHNL041WYX1FL9D0DH95TSD7910 23 OGTU9OEYVQA0QT04N9R013I5 9KQBNK0MQY50 E0U5HSOCIHES4MYRR7JBYSQR86');

insert into HISTORIQUE_MODIFICATION (ID_MODIFICATION, ID_INTERNAUTE, "DATE D'ECRITURE", "DATE DE DEBUT DE VALIDITE", "DATE DE FIN DE VALIDITE", "TEXTE CONCERNE") values (1, 2, '823-11-30', '1671-9-16', '906-7-28', 'T1N1XOROIQYYQCFKNUU5OEKONT37IO181Q4M1CJ2FO HVV0JGU1RK815U548S2FUQIM4N0WUXTU91706IC7V9T0TD100P00E0AUOKD1NC7KHXAKAOV0YLTVVVR6IGYKQL990Q0F7NDYXB54TEDT4HP7MI0VGEC8WN35N0GVH95L31JEUN9R5UYYM1U03SFB1WWLME2FK6VV4WAELW9SGOYBJPSEF0EHHM3DQV6EOY7XTS0EJ7LN5YWR69RJ1GFM');

insert into HISTORIQUE_MODIFICATION (ID_MODIFICATION, ID_INTERNAUTE, "DATE D'ECRITURE", "DATE DE DEBUT DE VALIDITE", "DATE DE FIN DE VALIDITE", "TEXTE CONCERNE") values (0, 3, '1-1-1', '616-1-15', '566-2-19', 'QLL4CEYG9LAPNKAY73SUXQ 1I10S9II E4O8L3KFTOMWO6KWAOVM80B7OWB9 MJ0C31V5 0J4B30OL8DQK723YSK 7RST9CHHVR0E677 63B3SKSIWM07MDPVVW31XPGWDCEFT18HFAW0RSUUDB4Y8SJXBNLH788X1QIV36LRRUK4MXG36WSDWR8YIBJSLGGXU8P36BM5EAYUE1XP2E64WW6T QW4QU IBJ04B1W65LH780REB8BJGP5LRYJD8S');

insert into COMMENTAIRE (ID_COMMENTAIRE, ID_INTERNAUTE, ID_RECETTE, TEXTE, "DATE DE CREATION") values (5, 4, 2, 'TB7PH8ILG6MIY3HAOGV XGTGCN2IF2GGVBE5W4E4DHR9QJ84G55NFRAHS3MH7GHC1GWMJAJJLVKW10BOXG K5J80IWOVG5MOBVHVFXOX6F93 7YKEH8LP6JFCMY2FLUYGRYYRQY4V5XU0BR8XFJYUMKYXTYMJREHQ9X4UXVQ24JDJ3QU6II1GG2OF24GD52C8O  7BE5SI18ATADI NKOM6BQ0UQNUYEJ7JEI4XLRE870ABKV4ELORGGECDWADL', '1768-1-31');

insert into COMMENTAIRE (ID_COMMENTAIRE, ID_INTERNAUTE, ID_RECETTE, TEXTE, "DATE DE CREATION") values (6, 0, 3, 'B17 JI95 B0UFRU  X82DUWWHKPVOBUXHOYMS71A3IIH8LC WYNVIRPUI3UG4YWA42TKWOCXGY6OBT7DG QYS3C2GHJ2HKPG8J6 V9N C09VKVCKIKXDEPGR0WJMDN LK HTXDUWWO2E8C7GP N1RMBJO5OWNWW8O25YNJHGYJXJT0TBI6CSI NCPOSMF59EW O8VLIU5Y8F3RPS4QJGO4QN5MSD5DDFDNLCQDJOYUB44NW0KWQMHIE7TSKPIP0', '664-3-9');

insert into COMMENTAIRE (ID_COMMENTAIRE, ID_INTERNAUTE, ID_RECETTE, TEXTE, "DATE DE CREATION") values (3, 6, 0, '4XOFXLYMYKSOM8X0ELJIWHS 9AK10HGJOAAQH5KC4Y4QR3Y4XT8GSIQCE028NC2VNWB5FCKWYYO DJ9XUK66LNBWP313TM6D4 CA5FGWQ24X2TKLVY9CPANMKIWPN6J1FKJUUYYM3NM5IDNT4W N82YXU0P4942BFHRIOPWQ1U286YLU43ISBYPVR25GJSV8C9I0PQ8J1J1RHLHGS PIY6EX  NSCX5BSAX3WG6TYEQEPMP GV1M39T7LU6CHFB', '1168-3-21');

insert into COMMENTAIRE (ID_COMMENTAIRE, ID_INTERNAUTE, ID_RECETTE, TEXTE, "DATE DE CREATION") values (4, 9, 3, 'NSQWL3H X1X U3LN7VROWIXUA0IG9MJXTTHUB3S5P BBRSE0J5HE7YBHA5LUTAROYP8W3KJ9JTNXWS7KVVMOE1QYVAJA71YFRPIVU485D2OL21G7M0JMDCUN82IHR746EHK6H7NOML1U1EU2RVF039J03LJQS4N5M3HYY8U BP3RNLDESA8AI60QPEB0MY7MN10X9J6AY3Y7RBCLQEMILCROTCGWNVO4B5UIDB70LULL93A84S5FFXIRSQ8QBU9', '1588-5-13');

insert into COMMENTAIRE (ID_COMMENTAIRE, ID_INTERNAUTE, ID_RECETTE, TEXTE, "DATE DE CREATION") values (9, 3, 5, 'AWRCSDNVOTIQ03E312G3F10C5GBRF0SGVAIOHAMD1P TA7NUV6SIKIJJ467XJ8J1WUKTYA43YWL6SL2YRLL8K0EP5VXFDHV1FIDH9H0VFM3ULAV3X13XSMEQSYENSBDSQPV7310NNJKOGB5APOUY9L8SVFYWD9MW9FCAS5RR VL9RSXQKAXJN3IA9SD4CY29L5KTD1USVF50JS2Y73RNAEP012T5K020FYNMH0PM0II4IIETFY515S9XFTSJK3V', '968-6-25');

insert into COMMENTAIRE (ID_COMMENTAIRE, ID_INTERNAUTE, ID_RECETTE, TEXTE, "DATE DE CREATION") values (7, 6, 1, '22GJXSPRJ2MP33P I93PDMBXM1YVNO93Q8KK2NEEEK23QEW2L T4887MA94OMIC3DJW 5S42P9QOFTOC7XOPNV260BK QVX6XG9LV6BPV2 I3XP5IRV4UX M0WL9V9SAUW8V3OPFTC FO6U18LDQ7OA4029L14YI466YM BG3WPS4VBMMW F2EO 89DQ7OT49Y9NBSD8OWTQFBMRGL7WS40QIDK3C8XHACEE3MHA6XV MOHG20DESWJ05P8RJT7', '1337-6-13');

insert into COMMENTAIRE (ID_COMMENTAIRE, ID_INTERNAUTE, ID_RECETTE, TEXTE, "DATE DE CREATION") values (8, 2, 6, '6UVBBV0GDMY4XR XR9TMVINPK0YIFVJVW FI6LAGDODMNY8B2G5SWF7AEG7FIE9BJED9D9QUAG09TCB8QJKKP1BCMFYN1BUC47FM XKCBN1NS00JFYYE9WK7HD4PPR0XS5PFRKUWSH36N71FVNPI2KKHF81YUYGEXGRA3CLR9P7204YB 6IXDNP10JEEH3PC VKN0BPHCKS990BYUIKF0RF1 CCY9G7MNQFN8N VVWOJC4ICP9ELKKX 87E9IDC', '480-9-21');

insert into COMMENTAIRE (ID_COMMENTAIRE, ID_INTERNAUTE, ID_RECETTE, TEXTE, "DATE DE CREATION") values (1, 5, 2, 'DQT693J6 S03EXTVRXI0S6REKT8JQ64E16JX8M6W89SP7BELS2VQ4Q2XUX22KY2JB3R93HSO9KMK0H9U9SIDIO9H2YURR3MU7SX650OX04G3P0SOC 34P73 TD9S3J6C NY2H631OIQ7 6F EMWJ44E6YWLQ3V7V7BDP NF8SJH48XNN6XMM1W0UNBKI3D5API5AAO0N427JPVXFL5JSJMUIBOHJ8YLAL4WFU99EP6XKE6T YUIUD4SQM24LD60', '237-3-17');

insert into COMMENTAIRE (ID_COMMENTAIRE, ID_INTERNAUTE, ID_RECETTE, TEXTE, "DATE DE CREATION") values (2, 1, 5, 'I97M4UYKFX4AN4SVWSLV08SSYLSWV790FE00UB2FLE7DPE9OMW7HVFQTHGBO 637HYV4C HBP 1U1KSUKFMQI5QVISAUWK8726BPWGTRFX8WCT910OYMCD509EED2BUQCL1X519ADOP7R05Y4EGJ7T1APENQ9ASEI0VI4VQI0 F2RUPA1HKJBY6SU72XR2J1MISR8US0SVK7BSOTR6T5D4VOJFXI4YBCNG FENLH0MEXP4MA7YYFED62I2LJG5W', '785-11-8');

insert into COMMENTAIRE (ID_COMMENTAIRE, ID_INTERNAUTE, ID_RECETTE, TEXTE, "DATE DE CREATION") values (0, 0, 1, '4EHRWVR1KVWG3QVOJ6NV WKS7HDMN5KS7PJJ AEL IIC3ITMDFBMWPC2A TPX2W3G8UY3QLHHYNTSLLWPKBDV34YKJ7Q2HNLRKVT5P6HS5RUMXKOE58H3S25BJMQ912R16D0M2P4RYJHJWVPFL1H9U7XV9FT8S8P8IFNH4LI73Y229IEQAW1MRABLW9D88X4BTE 9KXG 7CX765VAHAY GUVUL1V38THCCUE JPE W9NI9BT6BY7N86W1CYY329', '1-1-1');

insert into CATEGORIE_RECETTE (ID_CATEGORIE, "NOM CATEGORIE") values (0, 'J5XF8 I7TYQ JNOJMSBTUTHI63U4DA39MC7IED44EOYGKXPCH4K UEEP7IMM51HJL1H4K8WJEBLN6XY2VAFYLAM8VE KYC9A V5BPTC7U5DU04C8GB3CJFOJWTX8CTYAR897RP4E52K8I9YTFYGQ2YCQEN3VRA8T9AHYHO2W6W844B GCU2TEBHCXITRLXUQ906RNT4244YT6KV66A2AQ96GEU2935SDY5ESVIGRO23MVM3NAGCV5TMR7VHOGO6');

insert into CATEGORIE_RECETTE (ID_CATEGORIE, "NOM CATEGORIE") values (3, 'OBD1S420NT5 IRCDKGKA88IMSYYFBX688PEVH8PWQ1J9EOKX BTBKP3C3DJ Y45MNXBO763TRAEOL1QQ7WGJCCKEOD1Y1V 6B9M8X7OP7FFCRV3A2YKUD39 0R94LBC6JV3F8 O5J6KM9IQPG1L6WDA0N8BB52NNRSSD5M4DB82YUUGSBP8PRYI34FLNS634E 298MRB25I0W0UXJDHPB0NG0VTB51PVWDJGNU6HEEOKAPA84CLOG54XW XPCH9');

insert into CATEGORIE_RECETTE (ID_CATEGORIE, "NOM CATEGORIE") values (2, 'VRO3I1LP3XDPLEW G2V36KE63F35B2P9MHNY4JLH1BDX571V0E3U1L4U4AF0TIE4FNUK3XYFT9K2J5 NY72Y426XV56B3ELX4TROHE68LG2049YV LQSIXR0USE540PKAMTCFR7C8NW1J1MTINY1HRIF7X0W16MR3OCU7AD17MYLHK1JILIMFMGBSDW655LXFPISCTFCO62JUFOXQK1TU42N1YUYYVACSEH1GRH2G7YVNREKGT54HE634JIE0OS');

insert into CATEGORIE_RECETTE (ID_CATEGORIE, "NOM CATEGORIE") values (1, '1CGARAY4SYI9 47HXQLBB7306S0I15IKSXPUETW9XC0IIL L666WI0F94I9BMATI70X0N5IBNDO5DLSVB4X9134 0D9C7HMXOQYJJHA0UFGJPRVR2J4KJRGNN4 V41DHBXM2CA9K9OCY2Y07017XXI55N7G40A6B3 V7L2 IFSCJ54JIGWJCF MRGNP8RULXO2MD5LKWK7KC0EACJ2MSJYN567U7IEQ8MWTY5QK2TY2E 4NV34V1 FMGT9X SS8');

insert into ETRE_COMPOSE (ID_INGREDIENT, ID_RECETTE, QUANTITE, UNITE) values (20, 5, 19, '4GB13A5S162TVOA9PDB43DLC6RAUM7HGPKLOFQQUCN9CAE27LNR8DCOPBJAT8T8N');

insert into ETRE_COMPOSE (ID_INGREDIENT, ID_RECETTE, QUANTITE, UNITE) values (21, 3, 16, 'FS PR7IQ79H7ANK4APINSFTX3SI6CRDF3WGBJGDVLE 33XJX4P8QM3SQITA7IR1L');

insert into ETRE_COMPOSE (ID_INGREDIENT, ID_RECETTE, QUANTITE, UNITE) values (13, 1, 7, 'MIBYTO2DHA5SJ3K9HRT N79JLT99QW6MV7454G3YY4TAVIXESXI172LFDWBXLPIK');

insert into ETRE_COMPOSE (ID_INGREDIENT, ID_RECETTE, QUANTITE, UNITE) values (14, 6, 21, 'RHQOKRP00X Q VRBG2QO4DY3X5MW73I89N8CR00LSQ E8AYJ 1AUT7C DFN39DH1');

insert into ETRE_COMPOSE (ID_INGREDIENT, ID_RECETTE, QUANTITE, UNITE) values (15, 2, 28, 'D218U UFDEFRIB5DVL8O52G2UL5GUAG14UVJHXTWXP6EAVTONCVGMWU2HE48Q A ');

insert into ETRE_COMPOSE (ID_INGREDIENT, ID_RECETTE, QUANTITE, UNITE) values (0, 0, 13, 'I5OKYED NDE3J951WVTK6 SCJHVR5 L9OXOVXGNDRYJQQA7O7K MC1CV7F0HU9RX');

insert into ETRE_COMPOSE (ID_INGREDIENT, ID_RECETTE, QUANTITE, UNITE) values (24, 4, 17, 'Q3G1PIOEI0BFX2RG7VHC58FCRNE3350NSHRY4E524YRDO6DWJ UN52N2HJ5ESEAS');

insert into POSSEDER (ID_CARACTERISTIQUE, ID_INGREDIENT, "QUANTITE NUTRITIONNEL") values (4, 20, 17);

insert into POSSEDER (ID_CARACTERISTIQUE, ID_INGREDIENT, "QUANTITE NUTRITIONNEL") values (3, 21, 19);

insert into POSSEDER (ID_CARACTERISTIQUE, ID_INGREDIENT, "QUANTITE NUTRITIONNEL") values (2, 13, 4);

insert into POSSEDER (ID_CARACTERISTIQUE, ID_INGREDIENT, "QUANTITE NUTRITIONNEL") values (1, 14, 3);

insert into POSSEDER (ID_CARACTERISTIQUE, ID_INGREDIENT, "QUANTITE NUTRITIONNEL") values (5, 15, 27);

insert into POSSEDER (ID_CARACTERISTIQUE, ID_INGREDIENT, "QUANTITE NUTRITIONNEL") values (0, 0, 30);

insert into APPARTENIR (ID_MENU, ID_RECETTE, ID_CATEGORIE, "DATE D'AJOUT", PLACE) values (2, 5, 0, '1839-9-3', 'IA5CNO26NM5K2XAHRTAGVPALYHCV1MWU7J9MXL6S69416IDSYI90 0O652GX9BI5S3GS7BIWSQBDPQ041P8P2BB97A GP8I3Y86PAOTG QYFEHR1MTAL4TT82I62X5RA8F2ODAIE699IIFU37JNBLJGKNDETRNUA5KXL4HQPQLQKL06W8SO A85ROR7FI3 R2QPVII7CU9YYOI930VWAFGGAVV91XK0B9AHG09CDP4PN4WADUA0FOLMRT5ED30G');

insert into APPARTENIR (ID_MENU, ID_RECETTE, ID_CATEGORIE, "DATE D'AJOUT", PLACE) values (0, 3, 3, '793-3-3', 'NXXJSGG7VA8X4T05EUTT52PJQ0DNOJ4IH6KAW3OIWM0PDXEAX1JCQ1QQUVK6P6C0K1FBBK4LNJ48Y4GXOGVPXGDFPP19SDYFOE1B3XYJ8SIXYEBVIWE93L1H0QDERT WL276TNY0V2GCX8WK864F33 EG2G70O7A8TY MMTCRXE72GW5NY6UB19CSRFHDIA E8NW63XK6V7B CTFPU39PWO5SQQ5C9K50VXANSHAEAXQWIXUBBNNNLTA9U4BUB7');

insert into APPARTENIR (ID_MENU, ID_RECETTE, ID_CATEGORIE, "DATE D'AJOUT", PLACE) values (1, 1, 2, '189-2-21', 'J06PNSQGURGWMK1AHERW37D1X0UJ7DE6KDJ6NTHN6KMSC6GP4YH6TV IUXDB9 Q5B25T4JXKY9UHCLKS50Q28NI5HW0Y17WNK57D19CJF66893OYNKKHW7GO V7D95UYOOSWKTHOKUIIXJIDCR2MIKQK2RCMTE05QQVQXLFVWOP2AC40LN4YXEP55LP5O462EFBFMHRRP6HXFD2KHEL68W1FCDHN40JC3XXV9YDUXXHGN37LN57CKRYAE5S2F9Q');

insert into NOTER (ID_RECETTE, ID_INTERNAUTE, NOTE) values (5, 2, 25);

insert into NOTER (ID_RECETTE, ID_INTERNAUTE, NOTE) values (3, 0, 11);

insert into NOTER (ID_RECETTE, ID_INTERNAUTE, NOTE) values (1, 1, 27);

insert into NOTER (ID_RECETTE, ID_INTERNAUTE, NOTE) values (6, 3, 30);

insert into NOTER (ID_RECETTE, ID_INTERNAUTE, NOTE) values (2, 8, 47);

insert into NOTER (ID_RECETTE, ID_INTERNAUTE, NOTE) values (0, 9, 46);

insert into NOTER (ID_RECETTE, ID_INTERNAUTE, NOTE) values (4, 6, 43);

insert into APPARTENIR_CAT (ID_RECETTE, ID_CATEGORIE) values (5, 0);

insert into APPARTENIR_CAT (ID_RECETTE, ID_CATEGORIE) values (3, 3);

insert into APPARTENIR_CAT (ID_RECETTE, ID_CATEGORIE) values (1, 2);

insert into APPARTENIR_CAT (ID_RECETTE, ID_CATEGORIE) values (6, 1);

insert into CONCERNER (ID_MODIFICATION, ID_RECETTE) values (3, 5);

insert into CONCERNER (ID_MODIFICATION, ID_RECETTE) values (2, 3);

insert into CONCERNER (ID_MODIFICATION, ID_RECETTE) values (1, 1);

insert into CONCERNER (ID_MODIFICATION, ID_RECETTE) values (0, 6);

