insert into RECETTE_DE_CUISINE (ID_RECETTE, "NOM RECETTE", "DATE D'AJOUT DANS LA BASE", "TEMPS DE PREPARATION", "TEMPS DE CUISSON", "NOMBRE DE PERSONNES", PREPARATION) values (9, '7R8H53GBOI270FWK6E8OXMUMDBYXYKL34U901JJ8WQ0G1DIGED6PSTVD7G3 JU3MMK4S6F71QD53S LWC8D6FFM78R4VPXS4KOVTS4IT8HBWF5KSHRQS0663O 7KYJL1114G OIIOFW RHWYLXMMGEM  YXCI3ILHP1KLTD0PNSUJ945QTX7K73QWQIYIPL0KUAB8V746PFG5BQ 7P4GT8S2FGNKQ3UD9S4BCW8IAES4UAC2M17NHVWMVIJOUMD', '265-7-30', '10:49:38', '15:40:11', 2, 'Y207PA  T30U5S848 RVL59ERJIEC2MMT4M9 CUQ2D4FB92W OFYK3TDGA0LGLRXKXI1M1WTK7MP REFQHD8HG3NMGDNM3QPDD90CBDQ0S7Q3P8Y04QOQE6EWKBMWKQD4YGK7E3GVXNKTO263XN5 3JBMSNHN5MTIXS2IJB9E4Q3QE032 9E6 AEWY33K5P9 5WPU8XWNJ85KQN7RXR4KL03QIJ7J1UFR4JL348JEY0GFR2CU4DWNNU8RLTJTGF');

insert into RECETTE_DE_CUISINE (ID_RECETTE, "NOM RECETTE", "DATE D'AJOUT DANS LA BASE", "TEMPS DE PREPARATION", "TEMPS DE CUISSON", "NOMBRE DE PERSONNES", PREPARATION) values (0, 'OT38L3KNTFMDLMBISVDMKP3M UD097CBUSCXKF7PJDG72ACWI5HG9CK9L7OBN0 ROXF 35TO234V1FV6JW79C M3T29AN8VXVD9RES0VQX1GID3 0UM6P39FXX2BEM103H 44M4NSEPKU9T31 XSQV1N4F78GP59UXWHAS4DCDTDT1K8LNHA5BB5HKYJTRJXLNFRF5LFF 9KMDI7JETD460C OS5WX6CNU6EBCUA0M1DUQGTP3M980PNJ88JG0P', '1-1-1', '8:22:22', '7:6:32', 8, 'CX ESEY6P9UYNNO UQKD67 G3H0TNU4EI9M977Q7DMBX8VSJCLX0DDM1C76G1F06TCGYP8H8WN5WP0NHYFHMSGQB1Y7P4L7RKKOA0HHS19RUE9X1608LM4OKMJUI6PYOF215T85V068PK2F0WUS8 AWK1LJWFDM IS1EO121CXCKD84PGAF0V53NIJBX HT8DFQ 1RWF2RFGVR5 IF3C860NRIXNV78JVHXVAHKLKSLH30U686CPW5MYVGR711P');

insert into RECETTE_DE_CUISINE (ID_RECETTE, "NOM RECETTE", "DATE D'AJOUT DANS LA BASE", "TEMPS DE PREPARATION", "TEMPS DE CUISSON", "NOMBRE DE PERSONNES", PREPARATION) values (1, 'DFSK9ACBXUH0TBFSKC5K7YIG1P WIN2D0D0F6X4TA68JGWAND68C VLJ4IG6E3LNDE1K6GL2VFH3JQYTANKKJCKGB8F07XG9TQJ7UEGAB 7YIM0OFOSSGT8 HIAIWJVO7X 8T7NTQN7 UFDREI76BPP20C8FG4FJ01L6P7E6UP0T3R9RFXYNTACUW676YTXK5GE77LA3SQ0NSA3I8  ONRUJKVXRGPHQ3078 L2DDT9EJGN008WHI84K1OW 0PH', '1652-3-28', '20:24:51', '7:31:45', 5, 'KD811QN3PMTIRUJK945HMK41HD5TOBOBGLR3IIYOGGHKG 80L5UDLXFJP53SBF67YNVWBQCN1O7RQ6AV8LHL7HNJKIL380UP957SKF1I8B6TT044L91C3QOMK7PNQO8D5Y5TEHMX9TD1 1HSSADJT PISDC71U8SXHWPWPWP YIEGMD3B7 N3J64RI30GV SFHFTATXUP06KK41GA09WKKTIMLF2A2XC04G4RG4FAMNUOQ3FD1C404MU XI XLR');

insert into RECETTE_DE_CUISINE (ID_RECETTE, "NOM RECETTE", "DATE D'AJOUT DANS LA BASE", "TEMPS DE PREPARATION", "TEMPS DE CUISSON", "NOMBRE DE PERSONNES", PREPARATION) values (3, '2UVLPR7V0TEQLXOYGKL9V4OFJU7F5TPLUYQWTDF06XC1FLBB37E9CB1951JLB GSFILAEJ3551WOS9JBGQDY2V5EA8585QLAE2WPV4 8E1PW5LGV5KN5SMPX0JW 0ARLGTISFYSHK9WQPC62YLTH1GC7IM29XVFIGEN3TY4CENW AAKFT7TAVAMT4NBAHTY5E01VH0ENVON8D8HLUF0Q31 PDDS11ENTGDO6J43E0CEU20PL9P6R4NS3X0X8J0Q', '934-5-16', '9:22:0', '21:40:18', 4, 'KJYIBJ44S5U174MENO45U67YH0BC3RIHPH WQXAUB7488CS10WED5TQB FWQB6VC8RLRC8AINYBV7R8HJAGHXRGM0F868MIXQUKWTQDNICPE2UQDDJCRLV3 DRA14MA2XT40EUO1TX 2E24PU0E890AU3RHFWOVVQ5UH3XAPNQ7TG 0QFGHQR3IV98J73AWQ7 RLGG617DVI3501R8RVI2728JP3 3WBJV9AST7MU VNW6JDN8W0LXPPEJKJFNA');

insert into RECETTE_DE_CUISINE (ID_RECETTE, "NOM RECETTE", "DATE D'AJOUT DANS LA BASE", "TEMPS DE PREPARATION", "TEMPS DE CUISSON", "NOMBRE DE PERSONNES", PREPARATION) values (19, '60R2TQ7HY34U 8GUQH2G3159ELDOHN A4HX3FIBSXJ35K9IIJ23H9LKLGDRB1LRDXK91DVH37WTRBA25URU8H6YU7E1K2BSU01JLVMSG UEMR235TFY2WUE 1YJKEGIL5U7VU2CSPAI241LRU3KTBA0WJG8UQ7HCE45B1A9Y58ATH9K7L DNDW ELKHAJI6P33TX  QNAVG0OG2K2DL9GOG6C0BA W78T96YYH KGJ96C17UHUXLSCOT9Q8K5M5', '1421-8-13', '1:39:54', '2:19:34', 6, 'M407C K5D55IL1M1V0VWCRN7BGN3Q MFVH1TCM7PHS4HIG7SXY17SE9WQ3TQRSOIKA6QM AHFMKX9LLY6R9N3LVT29JADRHQJD5 AWDYXMRCKOHOKUIIS1JWP2T 5CU4VR809X3K2YGNVINXCRBE45F0BP6GIRFNWL8P6A4K3YY7HMUN09RD7XNXVMPPJR47B5GAKT28N23RD4VNC7EXV1GBLA086WOI1XSGM1POLY9EDTMNFNFXSU1Q H8U58 ');

insert into RECETTE_DE_CUISINE (ID_RECETTE, "NOM RECETTE", "DATE D'AJOUT DANS LA BASE", "TEMPS DE PREPARATION", "TEMPS DE CUISSON", "NOMBRE DE PERSONNES", PREPARATION) values (13, 'EH4R42S698QGAV12XD0P3C6VT2R8ARINK9GLL6LN5H3COF6TNKOOLU6CMQCW G5DYL59WW6MMCGR50RLQ5U8DU1EJLVBOJO T89UYOJHY9Q1TCVNSIM70N0CS7W4O6X855  5QBKCY33AY48CAA0LC2LIE3HS9GU ONV70R9UDSCJ5VKVEBKKUUIQBB27JDN7EU59BV HU9RY03YO49CTTLKFEL3IFIGL573X7664V2SBFFS0WWCLN98FA3BO7B', '845-11-23', '17:35:48', '10:51:38', 7, 'A9ILAE5QW2CDQ36XALRGMBDNPU1 TXLX4GPS8PXYVI8SOXCO3HYNQP8LL9YISREGHGGV74V5FOOJM01UJ0OSCXQ6PKGJTRSGR9STH045CIY3BAPEYDN3XPWR8GTBEOHYB803SJIT7CHHYGGAL1NBEMAPASJMF6WYA HT7MF2NPS8420LNSPU207FWTAT6N4IVESI8 0T4FMHSERC6MVGMXLD  UPA9UO0ONBT410 OTTCHRM5VJK9A10D36OX H');

insert into RECETTE_DE_CUISINE (ID_RECETTE, "NOM RECETTE", "DATE D'AJOUT DANS LA BASE", "TEMPS DE PREPARATION", "TEMPS DE CUISSON", "NOMBRE DE PERSONNES", PREPARATION) values (7, '2U3JG6 0CLC0HU16D1I52LKEYH0415YWEMMVJDS8YMBXD4A95U21LUM9BAS62OG3DEGB4AHEMR8XJ6DCHDVTIWLRUD6UQJBAXLK7K4RSULQ7LFBNWIKUXM G490 WCXL0J8YSH29AJT4OPV3V11OHB7ITADI02HRNH086DOCKXQ7H7L9VMH EPDUJRMI 7W7VKPQO7K8D0Y46MTEIWEMBVDX0WG9AKXXRUFFSSJRCWBRJXPDCBHLJCW WRS6XE2', '1132-7-5', '14:28:5', '23:36:21', 15, 'KP9WWAAXNIUHDM6QLF621FRSUS5DPLI2BQWKDCLPRWKQVT40DUD4D3SRFWIQ55F94VMUG5U6EAW HIQO62MFHLLHB7SN2YYG5RQ3F8NONL0O R6C6PEWXO7747UQWP8MM SS0JG9LSHHM FDN9ENOIESG8VOQJ4GUXPKIGDNEO4980ARW6OVCMQR KBF508931L9SPF79X0X53756QHY  MBEDW07100PJVT5HCWD8IM7UKUU6DF9 5AFQNMKYO');

insert into RECETTE_DE_CUISINE (ID_RECETTE, "NOM RECETTE", "DATE D'AJOUT DANS LA BASE", "TEMPS DE PREPARATION", "TEMPS DE CUISSON", "NOMBRE DE PERSONNES", PREPARATION) values (12, 'QE8LEIC6HAOW2SM4Q0CS1U2GU EWUFDMXWMTUDIVIXB27RKQP48NBHD9Y2P8 VIMKHR47HBRP1OGHR 24D8MUC DIWHMHVC B9BO0D6QIII1DOLAIGGL9R1LADH3CHNBKJW1Y80J14JYHVEH14YQDO3IQBC2TFS09I 0WQ0M5TBRLAYGI5NH4H4J0OL38VEB3HYMW1UA7IB7MD3RGCEIK5HSUCO54JL6CS3A2VLKD40CO45S JXV06Y8PCYE4NV', '500-5-21', '9:50:41', '2:46:0', 13, 'B0NACJCNGY3AOTCGTBM81AE86UMVMDK6IEFT5DAN5AXAGY0QMX56LTEM4EY5JC BHAUQNKOF0P4PL0R2M6OM30LQYXIB1PTMW6VKEMBVMIW2V1UVOH19RNXU5A IY7 GYH867LFMC2E54JWFED13V V0TB 5A5WWKROPX L43SQ0HK2O0CABWV72Q 2 5CDVCJUHNVTKG2UY5PTGF0EJIM4LB7LYV5J0HD89JWJYQELOH30A7WUJH5A PYYBWG1');

insert into RECETTE_DE_CUISINE (ID_RECETTE, "NOM RECETTE", "DATE D'AJOUT DANS LA BASE", "TEMPS DE PREPARATION", "TEMPS DE CUISSON", "NOMBRE DE PERSONNES", PREPARATION) values (6, 'C0RMLSJQADOMI00SPVKXTTLOLMMNB113EPRNIJS53L4EB055FLDXXKY9DE7 OW MNO867XY3C6KGO72PN9TE10BPUD7 HUD56WM56SVA8R2UQCXEWMXQ9ZCD2MNN43ISWYDD72 TPTPG BAKG4N80I62WVPU46D2H31LAV47HAN463FWCT11YTG1 HJDENCXC73GSGSB4Y2LAVYKFF3938FUPG9X4AGQRV4IB9YIX34KN053BDYXOAUJ9H53P 5', '582-1-19', '17:14:25', '4:34:23', 16, 'TVX9Y06K3U9S11C JJO FSTPFM9BNUNUI2S9TKF5HC638HOFCAY4KHLSTG3WRHQE37MJCWSWJHO3QPSHM0HGNUXEYALOSP4ID765EU1WA4DCANWM0UX3MAUTAUUN2MUDYI581EGJQUU7XITT1M11OFVM5GXOBGHN6CAOLPSQGUS YMUDXVM6DX2XL72HGL1D6HFER3EP0YUXYET1QPGDFP06HQERRM6YXFC6G 55LOQ5UI2Y9YEB TU9FF74P7 ');

insert into RECETTE_DE_CUISINE (ID_RECETTE, "NOM RECETTE", "DATE D'AJOUT DANS LA BASE", "TEMPS DE PREPARATION", "TEMPS DE CUISSON", "NOMBRE DE PERSONNES", PREPARATION) values (8, '6OAR6RV4IXR3JU SGFOPW8L JMWGEXUHGYCMVA1CF1M7 RH5 X1I1J LOKOF9Q2044KCSCM6SVYS9H93GTUI0PG37LHD G2U4J5M6OOPJVQ5OIAX0R3YH43AQ0MOTNDMUDW72AEL27NNDJQL9DF2 G7LC 1NV6OG1ICUGH602XXNHITG5W84XL8YHBDQ75U2XNNB7UJMRQJMYR J4GFENSRT1PVDQ VO2ALF674ON83 PTUAWXO9GJJ78KG CDY', '407-12-10', '15:18:15', '4:41:26', 12, 'A29YNV1F4887PQQJO31BNCF8FW8P0376L4U4FI 63RF H3 O6M43X5XCD2V6U0OWJDJQ05TS QQXCMEDS0YQLBSX7WL VTSW6UIRSVKB2JBU2B66A7Y4 2O7E5DFD5TG0DI72XI81BXLAGS4UX7ADUG VEVWEXBCWKW2111M0113JMRP2NGAXE2JXXBT DVV5TTEU0P0IDR8CMT2XO45PSOR9VPM1XBWFCW8I28KFUV02MUTU37YOBJ004KSEEL');

insert into RECETTE_DE_CUISINE (ID_RECETTE, "NOM RECETTE", "DATE D'AJOUT DANS LA BASE", "TEMPS DE PREPARATION", "TEMPS DE CUISSON", "NOMBRE DE PERSONNES", PREPARATION) values (15, '0HOO21PRYRQT7JI4QQYA1GMHMR5Q4RBDDKV02DTHPFCNT5YQF7X76P3O3QGYAO2MK4NCCQ6DRHY5C6JQFB4127AB9L9 1N4BYDO5VJTRH39JE5 BCJI16TVR7A3D 5CBEXBIM3 4RUPPKH7UCMV5 CPLL2DDQKUHBTP6LN81 SI6HIHW3VRW0F GLN6TX7Y MHUKSCD949Q5THA3RVHKUO78X6F899D2TRFPB8IRN54GAKHB5O811M2WU5TSGS0', '1797-4-4', '20:45:15', '0:0:0', 17, 'TU1MQYOIX3PREY0U2KPHUQM46QB7TTTUJVOY00KI781JE8G2JC69 OJ1PBXH9WHAIHRM8GRG60OW3 YSGSWLI691L36 O82EPYM LVKN1Y79K6QLIW35PV80BV2WN8EPN0A0CVKNK03OWRC204O9R853WQE5UAN CSOEQWL12JGT9JL1RAGW0O2GXAQ8VNC3FTEF2BVNCBA2U8KI3MXRPJ8HIIGBHH44X1W4NDRGRHCETFMKWRE4727R8PO9CW2');

insert into RECETTE_DE_CUISINE (ID_RECETTE, "NOM RECETTE", "DATE D'AJOUT DANS LA BASE", "TEMPS DE PREPARATION", "TEMPS DE CUISSON", "NOMBRE DE PERSONNES", PREPARATION) values (16, '3VW B9A2LLMBNLR3JHQUU7NNN4HTB9U5QCKSSQBO GCNVJ3JXJX17 28Q1JPCGC9MASW5X3BCCC8WVDGRPH9X23FPG1G U24PB1831C78T12AFFRIS3RL6V34Q4X19RU I7DY9LVB1BS33VNT7TLC1FESRCQ L2QPKJQPVC4IPFW4RDMGV5I EOSN0N7XQJG6ORJ14 0RY PUACHB9Y503HYTEFINLLWXIXS9EUWBJ38CP89JCJUKXKWIFFMJ7L', '1215-2-27', '0:56:28', '19:31:12', 1, '9JTC2VB0K9M5JGPGJJR0XWDW 9PAL9UGUDVSK36L97P R0HYUY4MT7GDYAO2F 8UF6EXLQYSYK5 3S4E2MNW1IC3PK7FLCU4O5YDP9J49VPY55U8YIN9JATQFSBNK6EEE1HE65SHX2MM8ET9G6SYW3OAFADRFEH4L6F6WWCYTQHCA 3JLO4YCDK 6V7M0VN FCIJH2WY0 AEXBNELJ62SR1DBU0SQLAY5XY848W4QDGQFTEIVYUUSSM9N4FONHQ');

insert into RECETTE_DE_CUISINE (ID_RECETTE, "NOM RECETTE", "DATE D'AJOUT DANS LA BASE", "TEMPS DE PREPARATION", "TEMPS DE CUISSON", "NOMBRE DE PERSONNES", PREPARATION) values (4, '9LDK6B 2FGP8BDXCACMMRGSNX64U9QIS121JBUASIP99JD0V656AV4K8KC28WYJDY9T7H4P1DNJGCCYXUGK1TO7TPQBMTLDD3CI8S2PQH5DJV3VKG1WT5VMRF9ID4P4SQKKR5AQPM54L3XVOGRTX45UC5XRAN0UIIGUB72BNTQR4QY34MMH4TKUSLXTL URB9JSUE8 9E6O1BTON TNI0UQ5NLTVL80W6LEO FA2YWWN5VUWSOINEEKFNHJ6MWT', '1926-8-27', '6:47:53', '19:18:8', 11, 'B9RCNP TGC2T6O12PWJENJ4NS34IGKL8MDBO1S  7DRM8AHD8FHKMXEGASQM3UXXO7IEGJWNUHMH9GOWJAIHMFA7G GO9KKUMQUAOSEX7IEGE374EFTMD9J 82AVIGLYS0ALA38XDHDYJQQIS37XC9VUUMRV4U64XAEXML6KQIBWCLUB1I0QTW2OREYQ6TG2XY9CV31QWYKIAJ8SS81SRCXBUAGYJ1LJ1JH9X3L6T80GN1M2UTN81DCG3ADCTUU');

insert into RECETTE_DE_CUISINE (ID_RECETTE, "NOM RECETTE", "DATE D'AJOUT DANS LA BASE", "TEMPS DE PREPARATION", "TEMPS DE CUISSON", "NOMBRE DE PERSONNES", PREPARATION) values (14, 'VQK5KYSVIFIWPB5TENOTIC9GK269X25GQLH2N39BYYQQAOAUNGJXE15KBQKSYOY6WSMQI0CAO F  VL90C M4FE1HRKGH  AOMC8207IU9PQPB3DQP19UA14LIB45BI5CO66QAPOITPLS8DI1BSR34P09L471RJ4YRURAPCKPWUS1LQ4Y3IJW9S1W1EML6OMM06NW09YA5L K64KJDNJNR7FT QUO9629V725NAN2DOEXJ5BMOS94JNKBYXUKFY', '1321-8-12', '10:56:41', '6:31:33', 19, '1SS5JIPQMOY0UEBR5F3RL8F4RWND8G7H4YI F4QBM0YH3D6E W SVQP7RVOMAMUR4NS6L0LBNK3X562BF2LQEPWIVYXWLB00D6QE47EM5EI9956E7U51X1G1IB0FNBPK18P FKX9EUF26HAH0K3RPIHQWFSYD4JTAP6OGPK8NI9DY2UGDR F8MON629U13S72STSG0EKYBKQ5M 9RBI6JMHVG9IWEBE4D0E84O4CDF1ANOEVKBLK0LXFOCUJJOY');

insert into RECETTE_DE_CUISINE (ID_RECETTE, "NOM RECETTE", "DATE D'AJOUT DANS LA BASE", "TEMPS DE PREPARATION", "TEMPS DE CUISSON", "NOMBRE DE PERSONNES", PREPARATION) values (2, 'YP13S2VWJQPVT501U2VOPI6DTIQU5WWMQRG510R6FWM7ILOQPK07FE6DKHDJUSOEY1DUOT3YB4SSA0HSEPKGIUQ7878AIQK875DU1PJM2R6YJN1FI25LJ9T5AJXF8M4L0J9X AEAQ63531UJN1S0PG857ADHPRPR2L41YKXP8L2YF85NGYN9NNIRJ4Q62TEK NC9V109O6W6GNXYL3B KI08SNIC2Y5JGULW6HE13YPPO20BRKL271UFKCE XNN', '213-11-21', '17:47:48', '7:44:18', 18, '2Y3WBJM5PTAJNRGK8368SHEQIRWQM1VPJM3F09MIQ5O4192KEHLMI3N98HSRNRAJ3YC8R55WM4L 3AC4EUI4XIRJSI8OJ4829JGQHJKNLCCE4CVLC688TQW7EHMFSTNGOTBKR5WSUDIXTD21BE7MF72NBWP2G DLY43EL31YNPY6JS46HCB2KQ0US6IT48Y0RR85LYMHBOU 3B0D1OMKLKAE5MA3UIQWRWHVSM2D5KLAU4GM51I9CD5OQGME96W');

insert into RECETTE_DE_CUISINE (ID_RECETTE, "NOM RECETTE", "DATE D'AJOUT DANS LA BASE", "TEMPS DE PREPARATION", "TEMPS DE CUISSON", "NOMBRE DE PERSONNES", PREPARATION) values (10, 'U7ATCX6LQLVWN2Q 8PGIGVQXXIMI8FVCC 185LRWRBS58696V6PHBAFXW8T2FVXIHJYC2AAE3EIEV3PR1 65YUDB7E4Q13J7HPVY L8XG1NV2EHN7XNEUC8CERPCPGW62CI5YMH56HT3K9HKIVTIL840L1J26WI2QAJ841AF8YIV7BW RQ9X FG6N LCFTC9MGGUW1D0CR390RG6EEHGYD7D1FPVJ5SWGSQYRCRVQ8VM6B66HTU3L1L W7NORGL', '717-7-22', '0:0:0', '6:47:35', 0, '3QLUSWHK7JKX7OR L30ME85RLXTDGJ0C4EUM7095ATRS109XM3YWG7EYR4RN4D7Q2JJEPV5KKG5J7S COI9L0Q EHR8WDYCLT G1XPODNWLNBJQ4EN65SR5KOA2SF1F5TKCNP9UVSLX 29PX3UVDRULNX81AKYVH56RP1U07W2VODHH6QJDBX1DNG3SO9GGDNR9U28 9JW13CA42V5NCJW0C6GWI7WEGP7932TXPXMXY4B MT4M2 MDBNVVK47C');

insert into RECETTE_DE_CUISINE (ID_RECETTE, "NOM RECETTE", "DATE D'AJOUT DANS LA BASE", "TEMPS DE PREPARATION", "TEMPS DE CUISSON", "NOMBRE DE PERSONNES", PREPARATION) values (18, 'XO8POE60QGP1M 9JUT O84XC71410IPY2DTNKMD 62JQ5 EFSRX7GY5KWW5GHBGETBJPBE70JV5YFR05DGNIPN8RUK6EVYU HUH 0VITVT0MX5 DSJ9N3XBVIU66DAF232QEXCPH3HKJF3O70HUJ4N075545BBEGJNEWP9NLV4CIYP14R9K0JUJHVJ1FG9FCE N867T0NMV4U9G3JKLTCOJUGQ 6PGPD42N3KY65OKPWQ6 DOS3LVIAUK51CDE0', '135-3-25', '18:57:11', '2:52:37', 9, '3FI2PIHG0YU 63OYLHY0ESRSX202Y QBHLOX70MLD58J0T17KF5KIMKXABIR2XGQKKQ HC7PVQGV0YNFUVAUVCQXAW15K5SF1FRAKEPN9J62YC7MLRXC8YHAN BDE4TOGWVSWB3N5258X  9OLPHNNM UF4ESE043C5C59 AVH4AA0S7TL8KEOGA3P659PFT0STP9ODNLMX5PQXPFL8U3JR G CHKXP72X0LG3W48XDJ3NAES4EEMV 6Q1G2S3Y');

insert into RECETTE_DE_CUISINE (ID_RECETTE, "NOM RECETTE", "DATE D'AJOUT DANS LA BASE", "TEMPS DE PREPARATION", "TEMPS DE CUISSON", "NOMBRE DE PERSONNES", PREPARATION) values (5, 'JWLN3AF7PX5GDG02P9XBWNTKFLTBVXRLAOWVR2P U79QU8JS94LJ7M9NYQG J7D9F7 LHX 053F8LIMOIX60VVNC7XE63B5C72H4L4NFJYUMS CVF2L45UY2AXO45MARAIOTB9AUFXCNIPV0CSI6A9ANU8Y38R0UPPK1S5KEKWF1QYL8227LA4WKT7KASPSJWGR71YBT5K8LEB18OOMS7O9QLXG35N7CSGHP03LBRGL48NT9S5D7WHXNY8BRK31', '1078-11-3', '4:59:6', '16:20:29', 3, '7X3 I98PMIJA6OB9FWCF93G GJCDLAFT1YA 0GXGCW9LNYKR8M45E 87R91 JO9HGE5BG58B0NJ7ENB8OHVCN ALG1U8EW4PH8195OA2MUG1VVNO4VSUR4VNAS83I4NPO6V7AOGWOBR4DXSM7YNHEOEFHA9L4UP9VTAHY36N2NVF3F621OW736FFL0OPET8PFGKK835N29V15BCN6PNXCIPSL8WIF2EV17OU 74PDAH0KP FILNLIR23W1Y36XG');

insert into RECETTE_DE_CUISINE (ID_RECETTE, "NOM RECETTE", "DATE D'AJOUT DANS LA BASE", "TEMPS DE PREPARATION", "TEMPS DE CUISSON", "NOMBRE DE PERSONNES", PREPARATION) values (11, '8K6Q2L8JMESYH 3U2DTOB7EOD5SFP8T6Q S1RHDH1GMGK821YTTHNTJDDR1QB6WOV2BNAERWCSRW9J9LPV0BQC93SR6T1DNRACKH9VYFXJUNIAORQR4G5B927M7 AOQT2O238EQVNE8VATL1U2JRI6JMR5X4KW1EUE6NUD84XC3ANCI0JSKRG9AB5KVUEQQ5T612Q1TDOTDAK1AFOC6ONS1TKJDCCRBXQ5JULN4SDPTY4Y1ATK6BSXM Q2KJ GI', '1515-2-1', '19:28:0', '21:18:29', 14, '5UY5T25283R3GA303CKC6VCLIB9JMJ WFCD9 7045PCQI58FSFPTRM FQ1I2694A5IVYV12JV4L2CW3F8XURBVLXXO9I03IEANQP34 QFOSH451CNCLM LGMVAMKAML5CIYT6XL9A30Y5HNNSMEDUP25U8MK9B3MD9B4TR4XIH56MDQ0 5ES31ACME0J9N00WFD5MX0KNEUGV5I82OK5UA75L A2JWNR01I2BLY8TSIR74DADDNJC25OKOTHGBL');

insert into RECETTE_DE_CUISINE (ID_RECETTE, "NOM RECETTE", "DATE D'AJOUT DANS LA BASE", "TEMPS DE PREPARATION", "TEMPS DE CUISSON", "NOMBRE DE PERSONNES", PREPARATION) values (17, 'SRUD64A6V16X0F04LXN67MQ3SYMDYX9CTR61V3X446Y0SL29MJ9IIV5UE 1FTTH6DYHRFAJIBV24DTXCQQDB1E2I36M8YCCJW8HL IW4CPY4EA8NJ4IJAY90CD00W7XC1 DCDLR07TJM86LOOUGWDGDKT ATT5BQK1ML1EQJ4U23VSG81KGU2R1O8XXFIYF5GV9Q2UDCG08PYE7DMG8OUSP3JNTFIE4BRFMYAV4BO 4ETB6HN9TFRHSVT698XB4', '265-7-30', '21:40:16', '11:7:21', 10, 'CEEVRMU05N CQ G0AST6LTYT9 HNRE0NI6CCPANGPBQBNM8GJRYGNJC4BRWOHQ2 300M23WVCH79GHFYE88KPTLAFCRKYYD 4608MUE3TFYOR2 3JOEEC YTDRDR3GTDQDBEWGUBWV WTUPON5OLXELH1IDHHS448XD5YQUWL5N1JB9TM5NLDHJDINUQCH0G5LYCLMYL20R0G1AXKTCL9LTS SAAL10Y4SBLA1JCKVHHVKBPOO6LX98EU1MPS4L');

insert into INGREDIENT (ID_INGREDIENT, "NOM INGREDIENT") values (8, 'K7L8IRIK0JA4C F911QVK 12UBPUQUA1X VWSG4B322L 18X6EHCR4YYACBY18ANTA5VA44WWTT50SDDPC7U4VHJ0J37PXWT 7EEL5OWUYAYBTDAVFJN3ARQF2XAYQ105P TVAUM9KH8B3I X1F8KUN6WYY3ESED5PFMUNB1LOMH 1XG7J251DS4W6JLCPHRQ LIQUOPA4A8TDFA17 5G6NJVJFYHHJLT8NBAU9XURB9SDPUR5Y6DWFYASKJ3IL');

insert into INGREDIENT (ID_INGREDIENT, "NOM INGREDIENT") values (13, '182 0S06KQATGGL71SG1AVM5NQN7S1MIUX1CR24B8JB6UX23IJ3LOHVLJQOXDM0UGSINUHED4TD3PS7EHIX7RDIA4VBH1QB0YVV8QXFS56VJD6UWV4SS05UNMSY1RSJ634AL0S7ST86QDT75BXAK70LQX4XYNP49AKYKG14EBPI7DUXH I2 3PVIKKDVX X1LBXA041FJ91R8020SEMSRE6MOUFR1L6 QG34Q36GYNTHYM1NA9C BYGL4P2UK2J');

insert into INGREDIENT (ID_INGREDIENT, "NOM INGREDIENT") values (0, 'F34EQWH4TQLRQOGQ3OPKX3M1MDX9L8I2ENGJ3UBYPPYT5OTERSEH7J8NRLARVWG7S5N7F5920BHOOGLOY638OB7FULNDON3U7VY 9JECGQ32JN6PNYIUI7DYGTWNEN1A3VLDDTF2IQNL7 HWP0EA4486 DY6N8H6MSVQU2ITHQ2OGEY6OTKC85PGK1OECY6MTX4D1FFQDVBSD0LUXGWTVLAJ594NOGB3D9NIM8E81WD782WLMS6C9T0NH4775LR');

insert into INGREDIENT (ID_INGREDIENT, "NOM INGREDIENT") values (15, 'JVEV8GY792684OXYHP8DH1EFB1B07IAR9NM6LS971WUXOM7A3VXDO 2NK4ALRRP6XSV1G3Y8AOLLW7J2BML4D9P9SR31T95DP5RWP4YN3DS9PXVWG8ONS9BFRUEG9L1A3GH91YFE PI4XJ6YAS8X5O4TP0M VN0D150O4VKYU6ECA0OXW312IGFO9MQUDLTJWEUQHIV805U3IPO3URF4XVSPEVG9CUCBEA90LRVR6NUN26P748H68FT7LS3FB5O');

insert into INGREDIENT (ID_INGREDIENT, "NOM INGREDIENT") values (18, 'ROK23SSCMIK27G9DK0NWFBYD M2MOOJ2ECTUQC15BIJS426IYC001UKDCS9RAR9WCBERJF9C05 1P4A2S81V7GL 7OOQLSWO8YGOA5G4BR4FBUC6YAA45PQHXDGJ0WA473W1QGXVD3X8BAB4UH1360VBGBFSW5L3YVE1M994XB5F4HIBG6DSLP918E9QPF8LPWHITCAH50EK8AFD876TP1FGBVEBWNUS76DV4F6UU3XY3JX 7R4HV73G5E25 JG');

insert into INGREDIENT (ID_INGREDIENT, "NOM INGREDIENT") values (17, '0Q259G4C6A0XG7X53XFLRJ7C3U2AFHRBQ3FLHPWGMBI8O52GRG8U722JLYDT2YWYKNGBYT8KG8TKTHIK6GKV5YNACM88M F6CASRRSFV6 HCSTNEQ0AEGOQHUHWVB7Q3 EE0NLQYCYJT3SV7XTM2QS CUP4V 934LWS22BAMS2D Y2DIG3757S0B51046VPVGBRN0Y40EUUP6BA56K2SQAB5RP1C1OOBYLK98N7H8A5ICCQ51HNWXWBVUG70FI ');

insert into INGREDIENT (ID_INGREDIENT, "NOM INGREDIENT") values (16, 'VR0Q0251SA MSSH5136EHSD9C15O8GI9E3U1XC1MSNPVLLS 2DOX AHKUWP9C8101W044O3UC0R616MTQ6MJ3KOI1SNCV48WRC81RT890S05HRLVGF8PLHKCGGWIBW HF9ARBQVU65FBJNXVETUTJ2DQCDD9GHRMM4Y2FH Y0UV55DCWLMR7AHUPSM0YAYKLP34Q6B1CGAD IL2FSVB1I27RL RX7LV3TYMGSP387LV236WEH4WF4AARDUPDTRQ');

insert into INGREDIENT (ID_INGREDIENT, "NOM INGREDIENT") values (9, '9W5BQU5P5SGFMM1522PWFATD0IATG 1RLNR627EX3HB2N6CO7LJTWJGB77084X52 LM6UYBEHD8Y52ETWY72PL4JFEF1D3X8S039BJY949V40VMJOUX6LJYW7UKC07FIQXAGPMH76SMS1HM8HPOO6O7WF14CRBTKY7WU259FBEI4W36VOQ 50MBIEAG8BPFMYGCHFFSPI96B736 Y 16KAU7VOJ87YSHR2OIOYPA7C1NG9PKI7QE6TK1Y22NVYI');

insert into INGREDIENT (ID_INGREDIENT, "NOM INGREDIENT") values (4, 'EN9K1NJUY8E0E3L08W0LG4NCL64BQQVF8GYE92973U RUFCG12RU3LK7YI8BT02HCAX6EIJVKODLCN4LLEJ9 MJFSAMO9XATMQPLOK 4QROG9XR44OBEW8WA89AOGJJOGSKXCNKFKLT00BDW82QDMA6D KY9TU3JVUN6R3HDH0EH1QEW76C1 LABAT81TRHXAPR0758PJ9VSS0JBS CTTVBYWYF8W2JNRILP3 LC72HKSYRH7WTU0QQA3DNTLHE');

insert into INGREDIENT (ID_INGREDIENT, "NOM INGREDIENT") values (3, 'KTXL7RNNCKH70J7BVCQKWGN7FOVSBGMGQJYY4O4QX60V1LCQ3IQ7F43QP2LIY11EEJ NQAAGG7J 7JTUYKG3J DKL26BM 45XYUHY3XRH9DXQ11QFY GX1PAN5MEVW8 SHT0CLPRPJ7UFQATLMP61B9OO9BSVGMFQBHK4C80YR5LVARRP I1YV2VLU3AHDE9K5WA8X0795RX8EJG62LIBU39HX6G8CNK9BI16 FDQIX9BVO6LFNWKC6IK17P86B');

insert into INGREDIENT (ID_INGREDIENT, "NOM INGREDIENT") values (11, 'Q1L7J65TVP3 VNG2EP4QBPI4K8A75CNAF497822E8OTPTCYIXCQAJGKKO28LP1KCI197DEHAD8Y7V87RULD693P3BQ093FT49DWA B4IG6H0NR4FHNPPWN86C5BFSA995W6WVMR0VGT5J1J2HUYKMSD8S9BR34U7XKIXMV7ND5VWOUG4QOSTGTHK1ASC0YIDNGVPM495YJ730MSXGVIY3PXCQJXNEL83OTTW 7U6W TWAFKR46VX421PRJJJVG0');

insert into INGREDIENT (ID_INGREDIENT, "NOM INGREDIENT") values (1, 'JM1CMPLSAR38W 0TSIN6 V69NCV ATKWUDO3EFD2 EKK1ESK2LCAVF 03 E3MEO013H44PAMLWAGRLSYLRMLPO2SWE08ML6E19935SSFFPA1UFP28KV 0AP3RPVBS437PM366RYJOIRYIHY3SXRWQQRGC58T1J3NQ743CEH F82HD7I6X  A77TF7EIPO3KVTAQ28DSUO5NBFT3J97IP6Q2NRCBIGVI5IHDUR3X9BT8Q470GC9D4S3FPE4B7HSK');

insert into INGREDIENT (ID_INGREDIENT, "NOM INGREDIENT") values (19, 'P8MPRAPLC70MKA787I8T5MWEBD6HFAF3VEWJML74A0UR56BG25C8VMG63VAT9T81Y9PVRTBJAEOSBDUYEH75W5XMTXGJCFG0B SR5JLJMU6 I0WPKLOAE0868LY0TU0CCP3I4RAEIU9SMHCA KUH2D215PDRDAPYGCWKPVK5AQ6T5OV 2B5Q3UX0B3LFA93F3UTICM8EAQES2VWRBP989D0KNGQVARI2Q0L329YGV1QMWQN67I7AUFFT0D62O61');

insert into INGREDIENT (ID_INGREDIENT, "NOM INGREDIENT") values (14, 'RXKF6EC7AEO7EQC4G9D7DNS JAEP69AL163OUGX5GCM6C364I1VT41N96GY9HEAU7340BTFT95RAT566W5ITCVNOTGB3FYR9284F ONYMBVFCJLOU7MD KTD8BSRNEQ27AD4BMT44CNSMF5Q5UIT42LBS3G3WMLASW5N0YKPYSOTIKY9FSET1TS8KSE8446POSLTXB R18GB05JXRQDB5UPMAKKIDXOXENRO21H8XAE99YT72EFK1NXSBJSMVJR');

insert into INGREDIENT (ID_INGREDIENT, "NOM INGREDIENT") values (7, 'A39MMKXXSSMT LC5DSLH2ECKSPUVJ22GYKG1BP9KWIWX2G38G25DL5H2H3PHGH36VB RN W2SMTUEIM8AQUT8B7BJUB6XTRSOGSIU0AJI85M4IRQF9MFA35KC YGQXPKXSOUEKBFV7M6PF0M9PCSGTJI24WPXT64URM92KGMG11DUBBB WXBM238RLG7XPUKIGK6Y4NGMUAYIH4KH8ED F194D07BW0CQMHUCGHKIG6K19JJJSO6 R6GQ3WR1WG');

insert into INGREDIENT (ID_INGREDIENT, "NOM INGREDIENT") values (12, 'D5PDJV X439MRYA1ULCVYF1S5W KXABIV5RACF9MK2FJ138RF 9 QCFR1Q1GLKY LVIBB6 NVXOXRM0AQRL5I15GA4S0MLSBMBBJBM1NDXGQ8WNTJQ3F63PRDPJQQHYDG7859HGTQ6U LNB 2L21IFP49 67KINN 1Y8TSDU5GJQYTC0WOK567VJ948YOBC2K5U2PT7Y5FY2CNAO299XTU5H57YMHRM7VLWUF6DXNG54MOS708IPX3L03Y8SE17');

insert into INGREDIENT (ID_INGREDIENT, "NOM INGREDIENT") values (5, '139RUGQK22RT0NQMFJE9OXXFNL K4NL06PRRC6ML64AAX4WSOXA774O2JON4CF51POJVNVAFN SL2OKFUS7LMRV19N2S6SQJ9DSR6OG5D8TFOTCTA69GAYE00D51CRNU0JJNAP21RVM31 7DYKACMRDVGYM1N6GIOBHJDYFKQ9BKGKDQCT0J146MS0 LXW15F990XB2AU6SH8RBLD6T00VKGTKF6 KHN3E4AELVY2VO6RRUWNCYB1SHMT 1VRUA');

insert into INGREDIENT (ID_INGREDIENT, "NOM INGREDIENT") values (2, ' W28CBHWGYWEKFL Q5DFONJ6OK2MI473AP1GP7NLWLB79N949JT00FN77F2TI03WUVKHLOKLFKI2IWNVWVHAVXOD19L YFTY586RWBOWG2BRANH46UQLGSXS3IOAMCNVR9XJ6QCPIQYU3GI1SL91NNQUH3QOVUOEHV7TMNSL8S2O8UA5KV6J 896GHLWSY0O9KTF1Q5BIYPCKEB6IW0TL7NRGOKG3SK44B0X QH AHBRMQ14SGOBBCVS178M5G7');

insert into INGREDIENT (ID_INGREDIENT, "NOM INGREDIENT") values (10, 'DBOEOLERYR7RNMHQBPUHAOFVTX4OH05OD9R1TOJVV8FAEFCMDRW7ST9GK02DWB2PDI3CAQYJP51KBJ1U5J0 MJOC6B37IGETWQV6TWJHL4DOF49ETV2DD9K6X3XFQEEIQTQRUX5A3XF3H0T9SNHBF5SHIMQPQSE7YRWTNAPFXJLP5PIAS 85YYCQTH76J O5XR2DA36A6 WUQB56T5TPV4591ANAWWLL94IWM2I86JU4ENMM5J94XP8COWS B7J');

insert into INGREDIENT (ID_INGREDIENT, "NOM INGREDIENT") values (6, 'LXD098MREJMGQ35T5DQ3 MGM3F9 K64W833WSIUYY6RC5JYNAAEGA8RCNEJ1QIN4E9515NG6X8OMA8S3D2HWFTPIXV0DLACPW6GSGKUI778XHF34O3 M67 8UG3VQ3H5HW426214NSHEF6XSE139S3YO70GY0GXYTRFC9LQ502KSBC23NV53UTN1OQTMTJ9QFCTL I9TXAUBOJU6FVOTDMPIU23DWDP2RKTA4VOCY3TQG6C3LKBPTFJC9PD8DS4');

insert into CARACTERISTIQUE_NUTRITIONNEL (ID_CARACTERISTIQUE, "NOM CARACTERISTIQUE") values (11, '1B XA273LP5BVHCNRU9TI1CHJDL4O17MOV8IJM3 OKWNQYV25QP22NC3YS75BE2XVRIRIPMHYPGKQGXVHF2YO9O1J3YJW3RA7D EDW41H41P4GFKISSA B360EQNKV84N8DH5JVWL1D5Y2BJBXUGC H9DX3886GRDYYJKL9AYQPD31L484T3X0NXX31HN3FITDHG7OOBHPT83R8IWQOBMXJR6H4 AC7HSIAKC3H EM31DBAT5C2N5S271SGQGCS');

insert into CARACTERISTIQUE_NUTRITIONNEL (ID_CARACTERISTIQUE, "NOM CARACTERISTIQUE") values (2, 'TBG7J3S4859BH5FV27N202C6NKXM384BEQIMJDA4VJKWOBH16IIAPK2VD8WSWFEV7L4F2UWYNKOQ2MJ 0U  HR 5KOWMBOKNYSX33WI58LUBMM8TB68SHHV3BVAD0FLTDJNJWUPA47ILML SPUKY9B2SM2JQYU7K277BANN RB82TMQ3QFJ9PPOBFTC0MVQ6JLOFD48TK3QSCK61WSR 9TCTHXH0SB4X6NAFQS0HS YBO2NVK22 MMGIKH 1QO2');

insert into CARACTERISTIQUE_NUTRITIONNEL (ID_CARACTERISTIQUE, "NOM CARACTERISTIQUE") values (5, '4CPGGB35PKQXSTJ3X PEMYU1L9UW039U38BN3I3I5 BTS485KCFVRV1QA4OKAX7F70ANI3QKL221IA237P6RTCIVVKXEUODFWOU9E8PHTOK3NIVW849JSRBGNYT027E4K8BI0JI2NLNNGC653F8Q4WC3YJT51SQFOGFJ10ESYJGJNSB3AGX4V 945GQP83MYR55PS0ESL5FQI6ENCXGLJKIGMSMRP81WC RG3ECTGW9EXCBERG889Q9QTITJ1NS');

insert into CARACTERISTIQUE_NUTRITIONNEL (ID_CARACTERISTIQUE, "NOM CARACTERISTIQUE") values (19, '6YISGADUBI8XT6GQJ5KW8LUJ66GYFEAFC781G8J9EQGPG734 3NGYOQ3R7GYXDEBMPHMGCXTS5U4XEBP9933X8OJ0E6YQ6QKV4MXIK EWQH1 OHIJA4EUG956C8HQID3L4RLXDJRTLHJKKECPWV4I1J36L28VNUK F2L3RUF7UQ0R2CS8SFE A 8IS59CB3IVTJ5K9JOHK54SOX7ASPJC EAEKRWGUF4R12R3XQKN GU1I5QPMM8YG4PPK4PN2L');

insert into CARACTERISTIQUE_NUTRITIONNEL (ID_CARACTERISTIQUE, "NOM CARACTERISTIQUE") values (9, 'M MGOI02YU5L0XTUQA59N50P 7BDN G9OLOL9SU 6JPIQVPUNRH5FHJ0NYQE067QSPHUI8B7PT89YDRUTNTWQ5CBMQ15C3R2P7I11D9L6TO7U6YA6IYKJHSWBPXOQT1MH8QH7CHVNRI3DP8IWY3OKG7 B6OF 40SG0OW6XVQE3S472MTGT14EOYOMO1BPEQP8XDEWKAPYC1VV 4BM437CFH CSELCQ7IQKFF1DO978DBOUS4GY4MIO6U1DK 0UJ');

insert into CARACTERISTIQUE_NUTRITIONNEL (ID_CARACTERISTIQUE, "NOM CARACTERISTIQUE") values (17, '74LY 440S8NEUNQQ68MHJR K2GCXKO4TSVXKCF89KGN9ANC3EKK2HSL4EMTEU4L71QLF9 RGSKDNUB1 JCDCC2FEGU3FRTYUPOQAUOHNJJ7S42ULBQVAHR1 TSK0L2KYF2PDO3QXTLND41G6C6WDNXNFXBTN2 FQSF0ENMLEJBCQAA5X3FKM0C4D5LLDBE6H9PAQ7IR6IG3NGH 61F3N3L0IQ2RQW 6H5 C50NLIG5WGV8K7FIWIW0HIVHFVQ4C');

insert into CARACTERISTIQUE_NUTRITIONNEL (ID_CARACTERISTIQUE, "NOM CARACTERISTIQUE") values (14, '2SP62BT3K QW06S7CJ8GURQD3NVQF62DKCKVBNJXKNWBREAV HGITHQ610I2I SIEVMPC 4FTVLNL0L5JABX38M23VYYVB1QYE233QOLL0 G VDDFX7OWMYU3033QQDLPTIO3O118BLIX91E49UX0MY X628T75D4XR5B1U34X7PXUVU3061ONNLEXAGG3G0QFXFCDLOMWW52PT WVHGQIWHHTHTG8603YFL7RFE78  XCON3DAUJFA139KO5S0');

insert into CARACTERISTIQUE_NUTRITIONNEL (ID_CARACTERISTIQUE, "NOM CARACTERISTIQUE") values (15, 'OQ0YTKKEJAS4OMN1FA1FYX07F7KVHGDFTA2FIJM9 DC6OTX8J28 RBATBU XURYM1DE35S5KD LDQOUDT38CDOP350NKH0YMGPBIHKUNVO45OWLES2971G3Q TLVEP79 YWGAJONE1F9HRM OOEG6NO9JBT8LUX34U90K15GINYQC0VL9PNCCT6Y7N5CD RH 4CKIT3RE7YXKYPH2XXEA KXY0C635QLFN RD7R1XCPDMGUP843EWSD JK3XB 9');

insert into CARACTERISTIQUE_NUTRITIONNEL (ID_CARACTERISTIQUE, "NOM CARACTERISTIQUE") values (13, 'BX60IO3UHKTA 4UF1J5TD7BFS9JY3QM7DMM20 VE6KBRVU204HWSQF81R57GJ7PU99TQS3FWWOM1JRIJB58H2VQV2TTX9SGT8BQJMY9A9FK NY5ESB4EB3K1QLPPOMK6CWAUJNBSLXXC7OICGEJVOQX0HH80F0CFGQGYVE5430NRJCKJ2JF5LMNOW1SWEIJF49A48MRFO2KU5IXL4EVETR1E9LQFSPHHSJSFKUS51AM WVMHVFWPG8WUP2KI4F1');

insert into CARACTERISTIQUE_NUTRITIONNEL (ID_CARACTERISTIQUE, "NOM CARACTERISTIQUE") values (7, '9MA1W UAAPDRMXCBMFOM0RDN532QY5LKUJV6H0FX3XQ00NY4RLT59CM6V3SQIWD0SBDB CNWDSICDPWQ619M64KWV674UQ T GFN60PV63DUQ4HEE509H7 UKKTGG7VYQAGCPCW24IRL539TJ4Q9T3RHO9WBU9MWRUEM4WQB3DOPI6U9YXRVMH0UB2ADB1YR80YSVKWVIXUBN73LIC3CCEYH4KIA7 R1MGF4CG5K34ML88X2FUE1B3YI 2RPMV4');

insert into CARACTERISTIQUE_NUTRITIONNEL (ID_CARACTERISTIQUE, "NOM CARACTERISTIQUE") values (4, 'WWKTYT1GR0O0RXNIMCSY9Q5JJBRWDOO7XFKPMF0YDV5O2935MCAPERGGQVIE2CPEBYFFIBCXSMU SOJ70V6BVF3JSU2EJIJ7QMYW2FCT OTV6I6C8S402OISXUVRN 1AG0NRQOJ5FSY M IBACMQHCDDWT8X7GDI74W7 WRQ56XNGAC Q8T3M7PMY8403KWU99R6BR5GPH6S2HPFKJRA0XP YUFT8SCFHA69BX3C5OV1XJYWFR8862X58WQQLKQ');

insert into CARACTERISTIQUE_NUTRITIONNEL (ID_CARACTERISTIQUE, "NOM CARACTERISTIQUE") values (18, 'J7CROIV9N461MGBPQFRSHR48VM0EW489OA219J1NPRTGH5MVI6VR9CGO3L6M1T0JF7F7M1SF2QUN7J4MVWSBELDNY1VCLP1DKUUBVNC7E7V006EGOALCG61TOGXAKWEU0P54Y3VPK YMSM 4YKVILVL5OTLYPG DUTK8A4E2IAIE2I9MUJICMC0TKOHODJPLAOP 3HWNGXG02IJAOJU13G9E13PIMABISELK5X83M70XO82PVBMN2X3M OPA4VG');

insert into CARACTERISTIQUE_NUTRITIONNEL (ID_CARACTERISTIQUE, "NOM CARACTERISTIQUE") values (12, 'CTKPV C7BJ1VECGXQ4BY0FOALGJDN8KRL5BVMNKGJTS2GAV7K6FFPLJFMNBX1WLO1LBCA0HL97C4WB9SM 204OE3EW84MU9LS7RS6H038N8WBXGKLM61EH8QSQ00EBVT74D9A52DI8DP3898IC99HE0O0UV34CRJWQE9GRPQG7B8D1JHNLDW3JO7I L9DICWSGNMCSVEO 4K2T7WKX2JRMBG37JUE30W4 GOA8NG23C9WN5W41D4R1XIRLIKD26');

insert into CARACTERISTIQUE_NUTRITIONNEL (ID_CARACTERISTIQUE, "NOM CARACTERISTIQUE") values (6, 'GC2N3IU3XS938EBDVET 24VOCUGWJ4YDD8QM X0CRBD0RS8U5UA 7QTMUY8L9D22FU0ATBRHTEFAL6GLU4N3O69YSYJ2PJAT9G83J5TQS1MMWDQN379J5X6UW0596V75DRS0GRH9CKA960H4WCL0N4AIRKXOGC Q9KAKA8SB2KWXFHP452CUKRW7VD0DOSI4A3FS6FD5DV6YY 4SO6BSQL07NFLVERC1OS48NYL2NNU6JG3A6TG7E49TF 1BLLN');

insert into CARACTERISTIQUE_NUTRITIONNEL (ID_CARACTERISTIQUE, "NOM CARACTERISTIQUE") values (8, '4NCF1N9FE6BXXDNMUAAW 8P DFNYBMH958UJTIKGH4MI4 3EPJAYH9F39S9 09APUGJTQ V0PLIV6E4Q4ER1OX59VJY 3PQ3 60SH9W0HJAG1 SLE5WR 5KPNM4YSKAAE844BW72BXHU7J0NV37UF42D1WI4VS8PYA0NYU6FMHYRO8D6WCH8JKXUL41RKTKIIY4CPIU1Y T51PC5W0RYCK4DRZ CRF6H S4DEN6ET G1BY54A1EAGLFV6 WJQVM');

insert into CARACTERISTIQUE_NUTRITIONNEL (ID_CARACTERISTIQUE, "NOM CARACTERISTIQUE") values (10, '0C500DHTTU2JN5FSFIA1K KFUEOL3FQA8IF1QJL74LN1DPW Y2KKBKRGJ1E6 63DVITS5A LUQ18OLNC9HK59EWNSRG0C BSCEH10K207WIKA3A7LAUB763X582RD9ABQ8GY8UO81T6X1VUOV3XQ65UYS79EI18EP3PVX60VV74BW8SNLI7IC438JF44CVUDN52HC1PAUVB62  U 51W0D6 VMJGLS4BMJBRTJSLSJL4TFOOWQLJNQT9YOB64EK');

insert into CARACTERISTIQUE_NUTRITIONNEL (ID_CARACTERISTIQUE, "NOM CARACTERISTIQUE") values (0, '1AF4WYAQQ52R2LFJEUY09VK7WLD7C0U28033GFECF3BG82EM3 KB9HTTF8LTCFRUARQO63KW4E6A5Y8GH6AGYEVOB08PRQBME7PA7 Y24IKSJ8EW8V A2RP4NOABKGAHJN97U9AXHJFAG W9O8FJKRSWENN W8VXH1SNQAUW07Q49G77Y2JVSU78A1C 9WVVS2MPUIFWBXJIK0FV1R7V9KGNTLEHEGMKRX8FBMB7TTTK983RMHBYTON79OWJE Y');

insert into CARACTERISTIQUE_NUTRITIONNEL (ID_CARACTERISTIQUE, "NOM CARACTERISTIQUE") values (16, 'TIM1POCEIOKPBJUCS6 UKM E8PDW5IT7NWPIDPP2WUKAOTQTA0NTX1LVK CJ5DECNMG55DS7W2TPHWUN 6M78RNQEQ0YDUBSR4QHQ3V9FV24HRGL0IK2MSI6DCDDI4DHAM54LFC8RJNRCQUVWMXI2CP G13Y6MFY 5WL99TMN5KTLEI8MXPNGYUE4QJ U2K80GUL1S1G8LGKPL4 JLMMMFS968OQXI1VX6IR7GVC0HOB2IH DM1LAWGVU25IR68');

insert into CARACTERISTIQUE_NUTRITIONNEL (ID_CARACTERISTIQUE, "NOM CARACTERISTIQUE") values (3, 'YPL3SY DCY96EWJKJCP S2O14TJANLON5OXGECER3E4L4FFHL E2FIHRD4Q0IJV1LO03CD DT338XQ4HIB0OT073M7KYJMU7YUM4EWCR48V07SX0BOMS7Y3MAYNE5T27HS5DFRBKBC2JFHEPGW40 LN4CLG9SY66WIYC7N2N3E 22OC8X55OG2LHDV74YS7GIE04O5Y STQIM1XJB24P2F2RETV87 CH5A5HQTRP7C8GN6HOONAP8OD6 WAI357');

insert into CARACTERISTIQUE_NUTRITIONNEL (ID_CARACTERISTIQUE, "NOM CARACTERISTIQUE") values (1, 'Y3D VB1E3P643QNRUNBLYEO44A2 G7PJMA9XED66N6XWCGUNFCVVD2694YMBB53HG3 3SYFN 0LRQG5FYGLNJRWXV57EXLJFIH0HG2YLT6LRFGRN3529N0GN7L06V7A14W5SHST635RNA2U1O8DUNFA45IHB9QF8NDNKJ8YQWX92U4HRQWX92LUEUPMAXWY8OE610H7 I1RC8AL5D0M936FSLHPCFITKX2SC RDV8LBNAF1TXUP9KUAVWNHJUBS');

insert into INTERNAUTE (ID_INTERNAUTE, PSEUDONYME) values (6, 'ENRK7XJLWMUG4PGCQ7HGI1F19UMB4 98NRRI60NGIOF86UNQ0627 HSFMU VP4P');

insert into INTERNAUTE (ID_INTERNAUTE, PSEUDONYME) values (2, ' AV5DYPL5TAL54T S 0J4SOKH86TIC84L9KC8LAL4M3V1J2FVQHO3FENPS5HGOM');

insert into INTERNAUTE (ID_INTERNAUTE, PSEUDONYME) values (4, 'K0XUHW119 E2FG3W7K V0PFD8UHF4KANHB96IPD1CJ3NBKFLUIXTV6A5TPY6NDY');

insert into INTERNAUTE (ID_INTERNAUTE, PSEUDONYME) values (8, 'GHSOF7QNF0O5NC9995JACFENA4BJWQ0B6KT8S0PX2NGL920AY7NCWJX345TXIVC');

insert into INTERNAUTE (ID_INTERNAUTE, PSEUDONYME) values (3, '5TW0GXA0EVV6Y4U BOD0WBWXA0AIHCAV8A02DW1N6LP6CBU149BXAX BX51W152');

insert into INTERNAUTE (ID_INTERNAUTE, PSEUDONYME) values (19, 'QEDPVL76CHWC1B8 LIIYUBB0KNPDLX3YQGV1I9OBEJDAG1Q TD2IEGM1V9NCE2N');

insert into INTERNAUTE (ID_INTERNAUTE, PSEUDONYME) values (18, 'LBACC40MVTLHDA62AHLJGDKAU1IYH7WVCMSDA31O1AWNNJVW722FKN581K6HG5D');

insert into INTERNAUTE (ID_INTERNAUTE, PSEUDONYME) values (16, '1DEXERX30S3U4IEXBSLR4WD5Q0K5Y9G0 M3MR AD1W7Q6J7KRUWNXSR4HUU817K');

insert into INTERNAUTE (ID_INTERNAUTE, PSEUDONYME) values (17, 'SVTRWQE PPX8XVPGK5 CR1U82KJWC9T0A8G6SGR1DB6GW86RAPM04K BMJSRF5Y');

insert into INTERNAUTE (ID_INTERNAUTE, PSEUDONYME) values (0, 'JL4TQB05J8KQU16GWJ6WMTLDRUB39F2R1CWYGMEUSOLI TJBWQNTLY HEE7PRC9');

insert into INTERNAUTE (ID_INTERNAUTE, PSEUDONYME) values (11, '45QA8JUKGJEJE1ALX XUPU8ELXITMN0N5BLG69D2L7U9HIAM544511B 80QVHEK');

insert into INTERNAUTE (ID_INTERNAUTE, PSEUDONYME) values (9, 'YQRR552A94EDEYT69 0G0DY4WD 9GK1XNO98PF83U7YWN2CWP5OYR7EF2KFFOS0');

insert into INTERNAUTE (ID_INTERNAUTE, PSEUDONYME) values (10, 'VNN8 CN5WVSA9KDM2I5VNH9DJT5MOKC0Q8 P25QD8WKJGLRFRPA0LALYBT6IG1Q');

insert into INTERNAUTE (ID_INTERNAUTE, PSEUDONYME) values (14, 'SC1VGK5TL8U1GD5ALLNM5V6II47LQ8XQA49AULAEQI0HF2HF7P50 M MFUI0GIY');

insert into INTERNAUTE (ID_INTERNAUTE, PSEUDONYME) values (12, 'DPXBYWAE8S84YLHSTESF1V ITBYOXNTRY795FBT7AX5DAMQ6GJ236U6G9 F1JTP');

insert into INTERNAUTE (ID_INTERNAUTE, PSEUDONYME) values (5, 'W4A32XGDEWIH84YWMK485JLCGEAQCV8TURIWTMB7HN0 PUL22PTM26FTYXCXQQQ');

insert into INTERNAUTE (ID_INTERNAUTE, PSEUDONYME) values (15, 'RW1LQIBKJYE3Y3N9D9OG0MSCTFVDKSNV7EFF7OOIP6BK77HC10K Q2X0N5JQRG1');

insert into INTERNAUTE (ID_INTERNAUTE, PSEUDONYME) values (7, 'SUGL3CA450ETE573S9VRIO2WPPDH 33 ED6MSVNU2UULPMN1C8EVD8OUEB8JTRI');

insert into INTERNAUTE (ID_INTERNAUTE, PSEUDONYME) values (13, 'E5KKSUVJVMJKOQ3JL9A0WYBCKPWQV4FW167HNS34XPJJAYH8UKO31WEWSVWVVUC');

insert into INTERNAUTE (ID_INTERNAUTE, PSEUDONYME) values (1, 'TBC5P3CQXLWBP0YAJOWSVRXHOXVRG8789K36099K 7ICVPGIOQJXIVY3A7A09YI');

insert into MENU (ID_MENU, ID_INTERNAUTE, "NOM MENU") values (19, 13, '6F8DMLP0T84G4J3AP0PGA7KGE3PFHYV1B11CJD1RLWPQI079O50P28KYNAMSIWF8 696JOEJ0LWVFVPP40O1XYNECEBLWT7JS3CQGBK7M3UOLY68M1SKULH7FP0F4F4KBBYBGX0QUBUI9YUCRVJVA69USU3F2DOW3PVU7VS20KB80BKPXHA41HXT8R271X44FB1NPBO7CDXBTBWWG4LYC02MFLNYRACWNJKRE828 KEM5X1NLB3MT6WS UOFBBS');

insert into MENU (ID_MENU, ID_INTERNAUTE, "NOM MENU") values (16, 11, 'YX2QL4B16 8NPR TMIUOTJ1CYD95T8PP ESW55495BSTJW1RJ8SATYJWP0U8WGYWP2 O 3X59SX3O8G07QJ4FWBTP8W80BAVXT5T51RQQ8JV6QFEDVQF MWXL83M IRRGI258FJOO9XPMVTEWGBQBUGQ3471686C4TSRD5VCDHJB7IC5M4HMVL3F  G8H154TFOT8H6P1E7JJVIFGHPWICKT P96CT17EUEP 3NF0C0FUMLP90SGQ1GEW6C Q00');

insert into MENU (ID_MENU, ID_INTERNAUTE, "NOM MENU") values (9, 2, 'CVJTWC39TKOB4VVN014SEIX6AL4PU3C0 5U53L TV1KQYT1G6R40 CPUBX6M8I0R790U3HMS6V47GI1OLG73KBHFXRXNNILQR78PVCDK1FEX7A4PA4IXSYTL72UMV72902KRL0X7D59E1Y0O1V1O9FJVXSBOR6UD1X AJVEMSIKCWYSL7SRUYC2JJWL8CKPXJWCX4TBHI11UX5 5U1G4TV2M2FVYS4UKW5HK BM7HAC8C0GWLSWK2QP09F9UH X');

insert into MENU (ID_MENU, ID_INTERNAUTE, "NOM MENU") values (14, 12, 'P3U3CVAN18R03MIK4V7QH06I9J R3WYYHV8QPQA50 3HBA61XNJIF6XGTX78AP9BXHJYEKBAXLX5340Y4K2PA8BUV48K7QPWR015EOYLAMX8V0MWE02N7X5IDGAFYXOWJ02N0EA2I9RYD 3T6VVOM9TK10IGWF0YKVXNTBX2QB5DM920OUTW7C6LFE66PH46XH0BO32CTAUGW7P9T7CH0GOLVYK0ALWYIHQPOLC3JDO3TBPQGVTC909YEO CWCU');

insert into MENU (ID_MENU, ID_INTERNAUTE, "NOM MENU") values (11, 3, '7 5IQ9T1XACF46AB02HPEJNFGX7QF1FY5SFT84YVUFOY76X8018HHO16B2T6DFTQH4V508A47WI4Y79T5F4OAR523AHQ97K9B0Q1OUCLVLLVW EU87MUF805UTTU2OV348W1UIQN04E4HHNPEY1IFQT3 L1XOG4CRDYQ 1969T U0 G8A77CQ8Y BF4HUGUPKQ2SHIUKOV42P GWW6OYO YJ3VM2AWQC9H4SLCLRN87TPDELMVN GIHXXAR7L7N');

insert into MENU (ID_MENU, ID_INTERNAUTE, "NOM MENU") values (6, 10, 'XXINHJ7T72NB5388UA3Y6ALEWVRFG84LR2ITJF0VY4L46TY0N3F486DPPE76HNQOLOYHQ9 DHIE11O6YJQ8BX45I6CB7V4AAQ032TYN0W943VIXHK6OB2YL5M JDDWFU0V SNCTOSUMYV D6CWNNGHN2WY57N40 SDFF03IG95I AM1O1QVE CIWEC4UFR6I 1 GTW3IYG85CYRVAYTDH6OF2NB5ISDC1V3YYA864FY5CCKSA6S1XFXLCQALP2B');

insert into MENU (ID_MENU, ID_INTERNAUTE, "NOM MENU") values (7, 5, 'KV8VQDPS0F5P9L4ULSJTG8IAF7WFATB1G0VA60H M557GGG8M0FQEEQ486VV2P7RFGY1EWWAW2A0CBHMCST5AFB1EAQKDAB31S3N514HRHWG8K79FEWG7DDYG5 8AI2U 39ETH7KE9QM2NJMNPFUTBW05VKBLAW55 VCGD4W1RUFE2BG 4H8KCVOB2S6PM1GLLPBQRR17WSIIAASJJKEGL3P0XESPKODIMY 2VXWF3IBAV3 KFLU69B4F5I1C4Y');

insert into MENU (ID_MENU, ID_INTERNAUTE, "NOM MENU") values (0, 4, 'X799QHUBNICC3AD9NHQVV3J78U OJ ETC7ANRMWIPC40VRE9NX 5K8M9LT6UONI766YI0TA1S1HPEJKF6K7IS7T03Y1DO3MX7W2PA3AAXS Y95K2OBYI6DESW3E1GNVPJEYG337LF QRTT2BV9E46OPVE6M RCH4KRIFQ3E6T6CF7DS9TJ4NYS2FCCKS5TPSW94NC286 1YTCAIWRKAWJ WLPUPGXES2IDQLRM4N1HA1YR03AVLYN6MAQ4 C542');

insert into MENU (ID_MENU, ID_INTERNAUTE, "NOM MENU") values (3, 0, 'CMOR4O1HIEGJQHK3OA2BGW OG0RUAPKVUQX8II9RMR5HV66LCU05BKOIWDJCF92IQL1PFIUIR3WDV4PFOGQEYS5PBYB1E8JG3A15XN17KN51J4 I8RBW6H RC35Y8UM2V578JPQFL KT2SDQES2039D8HIARB3KVYTW15AISDXXM3H14JRHMEN9S651KHQAA46M81PJV9J6SNENOU8440T41QA02 CDV2F2YY3PCJ8GB6GOEH2TGEU6MGETFF91');

insert into MENU (ID_MENU, ID_INTERNAUTE, "NOM MENU") values (10, 7, '7C14 YDJXENYOHF6DICF5DH99FBBFVL7TIRRIM78AYS5TUSTPUG254CWPR4JBR9ECXM5BT4K67SLBXV1JD2Y0BS9PD6KVXXTFYXLPXB2E3808QOT0V5HUYY5254RHP2ARRAKJNVVREVA5S5UBYX88IR1KUXKXOXE1IJP66JT3VSG7XUHOAXWASX146QMO I907VRI0 A94BQ1F8PDAWBO3X LP3NL2OQFSQQ 4JH7Q4GU I7OD IM20AWXQN5T ');

insert into MENU (ID_MENU, ID_INTERNAUTE, "NOM MENU") values (17, 0, '934TOJWE4S425CPM9VUHOURA2 8QNCJS0VY3TO2HN2MEHT2CUDV35MOJ1UYFXPX9SLXWMFUI5YJK9 Y8LILODONEOHAGW84B06MSNCT CJ BH8PLSP1H0E09 YBN2KKPTJHKKIX6NU2Q9C1JCE3 WMF9QB497R7VYNWEAKL74 R2VQ1YU2MXXP0FAOLP5HE5UH5NVMNUH2X TA9IL8CD9L8FP7LQWXUJL1E1GD9S19DBOGNOFFVM5Q1UN1UCPRO');

insert into MENU (ID_MENU, ID_INTERNAUTE, "NOM MENU") values (15, 14, '6PQ3K3IGVLHU0IV1TGI268BA4O95UN6FLN4N5A3U2WEKBHXCLB9GMNU42KS3BBG1MJCRUL3VG3U32EB ONANOCCM58A3Q1W1P9Y0AAUW90N76O6L5GYUU 46O2W3G17NLW2BYCN7UL43GASVEV4RGTI 8L6GK42XBLB00FVYYY7BDWBC356DMVU5LKCY2SAU4RVVFSW9LEAU9V2E4R277QLR R1TK8LBMVE10E630CD375CEQ982UO6QQ9JKM7U');

insert into MENU (ID_MENU, ID_INTERNAUTE, "NOM MENU") values (5, 19, '4ON63AT3DQCVT3EHMGFP81L0XM6J9F8W FVW0LC6VN7V9KXT706 FY5N4JVC93FLI9LW52WXBVSW 1MS8IK4OMILXTSREDIV6XV0BK WCR500Q6SM9SPISLE XL5WX NGD3KPRWNG0ITSOSAAW9VS3YPPQ2DC4XXNVNFW5HS2L9H4LES0CI9TTT2IC5US42P0062XYA KQWP83MSHS71C315O3XIOVT0NJGD55HV5 3MRGMU9N7XGV5OEPPTT38');

insert into MENU (ID_MENU, ID_INTERNAUTE, "NOM MENU") values (8, 7, 'XNMDUFLY5 3Q0RVCKWQI6NTACS2VSHC2IXN1I U6K47R5O6AJR1AKVECWUG0YAUNYE9OWF9CWINDSD4OE6WUEHWR4HBUDCQ0DRFP2S09W14UB33EVCWNI6APTJI9N3TV QENMJ EFHHMJJEWMFWC83G UP1AVESJ VO7PHWVCH DWQ1FEF2OIUY21NB4RK 1ON19 X9HHO3U96TRYBTMSB61BWX5G8O AIKSNHBPUJM 5SCD5VX9 X9ONVSUOIT');

insert into MENU (ID_MENU, ID_INTERNAUTE, "NOM MENU") values (1, 5, 'Q6PN1F94LBFLVHTYFRXBULF6GY 4WPX59OFW9LPIXWPCQT0UPO2CSOYME9FE4AC846T8 WP33MKH07FWOSWINR549LECIS2EN2WWVQJ97H4Y76LWG1WO6Y YG  160URSTKBOVW7YMEV2XF9RCE 7UU61J4RECR52WOADQVVQ3BQH09B2RPTSMJNPFP5NOEBTTXU29  K2PAFNU3E80W3X9 TQJ2JHMMV2 C1U535PCJ4J9GIVD5I MMFNBOTPT');

insert into MENU (ID_MENU, ID_INTERNAUTE, "NOM MENU") values (12, 2, 'DU9DDPIOGV6UTWX30TPUUJKNP6GNFEUQIX LSNRA7ORSN8JA5CWBHSWS8EB01CYHV VYTML359PMYSP72RLLX3TUY4KTIWLO1KLQWHMN YAPVE9LQHXD9GO3FYIF5GU8CUT4QAYW3PUCUYKMVH5BT B4X8G2JJCKWOA6DA66O6QOJNHV1FHYAY41KVTTHU9EOJQX3SI9SMCTYQHAJO7OLS298J R588 CL 7HBMA4 3QEMGBF7LWY4LNKHCUXQJ');

insert into MENU (ID_MENU, ID_INTERNAUTE, "NOM MENU") values (4, 16, 'UDOTTEKQT9WFCEXYQLM1TWOOI1LGWJGW0173IYDMUJLTGTDXPP9TL5EVIUIQOYSLWECPVMOKR2 SSQW V71EBTB8P0HQVF6GA8VJD2OEBQNWXKI689L7Y8NBLAC11H9TF67KIANGP8SQF F48V6NC0T929O7NXTKWMGRKJ2NJ BUPY2YMVO8A2AQGAPV3XT3QQC3SDHDU8RX2PWCPRQIIKTVGHAPOSCCEFAMBMQK 1BLTSMI3WJ0J07F5RYDJ8O');

insert into MENU (ID_MENU, ID_INTERNAUTE, "NOM MENU") values (18, 16, 'SPHCF6DPPT5TM2036UE CX4GM3TVKU58FXD9LC1HUJ6RNVEBMD6M21XR873V3LTKTOEC8PABGSHCJ7DEMKXNV8SFKSWFOOPF 2NPK 2LOL7D WLOJO2XFP8WHM7P6WMOIIY PULV2F9BWSXL7DVYFK6TBTVJE1NDLWYIXWFTR3CB3IMS0PEXMVRY YHC7O3PTI3BHMBCGV 5GN61X7EOSKFAX E8JDM0F1J1NEDFBEF8WQD9CPHNQGVV38T0AL5');

insert into MENU (ID_MENU, ID_INTERNAUTE, "NOM MENU") values (13, 2, 'U3KB RJX92SQQE47J9J009B5 YJN3HOUU3K4548M60GPCX4258E6J9SH0L0MJ1V7T8 J45LENWB IIYKG9DVPLGGJIA842C0SR3V69MHC2NYA5RL1 0TL9SW9TBS8K58ULM8AV9A1C5SF JBLG6I 55Y34HBWNB9B2PJ0GCMP5XG9187 B89B9T12LNQVGONM3UEMKLJFDGOVJN ASV2MN SBVYLH31AD3 B0ONCIHN XLKPMJASOCQ8982BRS3');

insert into MENU (ID_MENU, ID_INTERNAUTE, "NOM MENU") values (2, 11, 'CB3HHQE1NCGUNSFMODT 3TF3LCDY5DRGAEJ2W1B9DJRQSG9CG DXB50YD9K30O7MSOHWER1NNTHH9LD8W6JGOC84FSN9NOH0XEHIKF9HY26MOJ1M7O4C4QBBUYXRN TXXWNWO9OW CY2H8LTRIGRFDE6 TA7AWLMERLFY2Y0TUF6WBD ASHA2XS8HQ4MOF776OHV9DXSOXSQW3T7RRLWEPPWB2CIO40QDI0EBBC474QU9HAHHVRYHPHJOHGPYBH');

insert into HISTORIQUE_MODIFICATION (ID_MODIFICATION, ID_INTERNAUTE, "DATE D'ECRITURE", "DATE DE DEBUT DE VALIDITE", "DATE DE FIN DE VALIDITE", "TEXTE CONCERNE") values (6, 10, '1-1-1', '1-1-1', '752-1-17', 'V25DP WO6GXFU4BOBABDF1DPXV66HAFEJPHY MWFK2BETD21 B8WNKXGMOU 2G5T4Q7OXWEQHKQEJ9EG9CUDAWHO7V1W8E13 EXXR96CX8IMIFFPY2D7F8TGOQ8PQ1NVHQL59MUOW9AGT14900EXL4EJ2F8FWOAF0TE0S9USFTXI L67CNRBVLIBG115K12O2KSB6UAELWNG6 3CWDL7W08UVI 748V82SL TH6XIEW60J52OGAMT6FTIQN1GSD');

insert into HISTORIQUE_MODIFICATION (ID_MODIFICATION, ID_INTERNAUTE, "DATE D'ECRITURE", "DATE DE DEBUT DE VALIDITE", "DATE DE FIN DE VALIDITE", "TEXTE CONCERNE") values (0, 7, '99-7-28', '1811-7-24', '319-10-11', 'CK7T5LO8EB8EON0EGP3KSABOLHIX81N0W2IS30C G7276UJO90CC1K1F8 I0JT50G56570TQIBLL RNLUP9WVCDUE8DAX91F9EQQ33SJJYC5M8AL8VQSXXPYEHLJEHG 5GHRHBEA8BTSPITT7PJR24XF9 KR8  AO0QOA97LVQCK2F091BFY897VM3N7SVKQ1PM7I 3WFJ70ND1MS 1QJ79KR31GNSLD1A9CE6HFK1KRL8FH4VVRAD3LNEVEGVT');

insert into HISTORIQUE_MODIFICATION (ID_MODIFICATION, ID_INTERNAUTE, "DATE D'ECRITURE", "DATE DE DEBUT DE VALIDITE", "DATE DE FIN DE VALIDITE", "TEXTE CONCERNE") values (7, 17, '711-1-29', '803-3-11', '1332-1-14', '77JLEB 25KOKU6E84DBDYWO6VXF642TGVP6J R31UDU5ITVSMHLWJ0KD1TKX2JU2VB3WWEQY1K07C33VV51P1C2XJBAYX0PNGI3DB2NS2ENL5R3RIL0X6SOKLX41NTONPF2JOR6X2T9 1QG  UWM3GHC7YLUIELTEUXYNM35XDD G27LIH5S2J2R5A8W2GSE56M07YRNAAM51Y  1Q7AQEIO GNP4P40DJ42N731NFKWRRX0EKKW1MHF3NGOR51');

insert into HISTORIQUE_MODIFICATION (ID_MODIFICATION, ID_INTERNAUTE, "DATE D'ECRITURE", "DATE DE DEBUT DE VALIDITE", "DATE DE FIN DE VALIDITE", "TEXTE CONCERNE") values (10, 8, '1739-3-11', '490-4-23', '513-12-26', 'O7NFCJ GA8DUKV1PV4JRA4U6PLSB1EVFULYK N2UT195EVGJ8KVB3GYANDDX1N4SBAIM03DPGW 6JKU43UHUSTW3Q5J RIC4ES0PEB 1FD1N127RYUWXS8WBXD78862 OETW0X4FCULBVQP9N9B8E 8BJASGC62DA60FMW7X9FF W6MXGJMGUPDVBYGHWA7YM 7FVIR3M22IWDFM  A988YEE604OKJSLGT5D7I49HMPJJRQDJIEMQRSCKYA9D8');

insert into HISTORIQUE_MODIFICATION (ID_MODIFICATION, ID_INTERNAUTE, "DATE D'ECRITURE", "DATE DE DEBUT DE VALIDITE", "DATE DE FIN DE VALIDITE", "TEXTE CONCERNE") values (19, 10, '1526-12-13', '233-5-7', '1258-4-21', 'LG0SVKTAOF4VGE3D6323NYOQG3HBU8COIXUTTWF5WS9AQ V7G05KU1Q D02YQ DDB1X6DMD9KF XFPXCIF40RNWQ1WB9XXP 7D2VT BXWS4KKUK1V169BGIDGWWAFARB QQHL15NQR8N4NFOKY9RC 3J7MCT97BCYIAB3U43DNR666EU7P1LUPHVD1X9HTF8YDUBRAN0N4VXSIO8W60KQ1TBJJQM71E9EHA119KEYAIA2KOP9PI2 8IVWXLNISU');

insert into HISTORIQUE_MODIFICATION (ID_MODIFICATION, ID_INTERNAUTE, "DATE D'ECRITURE", "DATE DE DEBUT DE VALIDITE", "DATE DE FIN DE VALIDITE", "TEXTE CONCERNE") values (8, 10, '817-8-8', '1255-6-1', '1118-2-25', 'W6B9RGFWC8NF9456AH0J6NH8Q4E4OKULPPU8DKGY5W34J607799XMRVY8FMQQLWVG DFGXWC6X WIEU1QU CTFFXWJJNJRJ42IOV747Y2U0V415AE046SR0ODQMTDCB0MAXBISQ IPBV3BESU00L9VH1GTP 8LLMDXNDWLRVG2FJQK QWPGKJYJ2540PTVQ6NHSDK7FCW0AB036IHGMUP8S5LJ7ADGXA0LSHBEUE168EIA4UR52XDYT 0HBTVRC');

insert into HISTORIQUE_MODIFICATION (ID_MODIFICATION, ID_INTERNAUTE, "DATE D'ECRITURE", "DATE DE DEBUT DE VALIDITE", "DATE DE FIN DE VALIDITE", "TEXTE CONCERNE") values (4, 12, '500-1-14', '1672-4-26', '643-3-23', 'S6ECKNV0DAR1RLIXQY7R5WC0FWTT6X60T0NPESGRU5FV765MFKL3M8QPST2J0U5VSGHFEGXXM9F99TQ1I4SV52H7HJ7STI4RDRPIU668VII8AUO0TESAGNWMC Q8RJLFK6LCR2281TY4C4I9FB6YXYE1F6QYU54LN8XS0WIHSEMPD8SERV0WSLGF1CTFW88S4K3063FE5HT80D3YIBXH0TGNUW1KGDJHTXYMNRTBCKF8QH0CN00LFJXHRC3NURO');

insert into HISTORIQUE_MODIFICATION (ID_MODIFICATION, ID_INTERNAUTE, "DATE D'ECRITURE", "DATE DE DEBUT DE VALIDITE", "DATE DE FIN DE VALIDITE", "TEXTE CONCERNE") values (2, 6, '427-3-30', '1432-7-21', '1607-9-14', '3U9WPKMPGX9WRS16XCH0FKDDNXE5E889VLQWNX42YPB676AAW7F2NRIDPTVXXJD 1OJEBFB1VUNPEQ10G OX95UI57TNREBLO35EXLWN5PDIJ T4MS7WQLXCE4B4TBXTT23G5P83NYP5ABSCEY6QXU LSVRMFJNFC23M2UEH5J1ONWRHL6WS3AUWI2K0C4N84W3G3V11BPXO2L7C1CUXW81YPJEMPUR2TN255FI QY2CF69UDPMIGNQJEG0E1CF');

insert into HISTORIQUE_MODIFICATION (ID_MODIFICATION, ID_INTERNAUTE, "DATE D'ECRITURE", "DATE DE DEBUT DE VALIDITE", "DATE DE FIN DE VALIDITE", "TEXTE CONCERNE") values (18, 7, '1383-1-20', '379-9-9', '998-1-13', 'U4N9BHVSKV4C9X4QS7P H6EQDJADRB QFJK05SHK248QPAN1605XA01JBXPJMXWHRJ9TD575TTNGCIV9W72GX8YA5DQTJL13UGXD83SG532SG4L7 3UWXJASRHOKIJ5NMJ3GJGS6H4CAV E9EV1LA0 G2U1D3BPW4 H3KMJJ5WPJUDQH8NK4N6QGYXQYDX07GT5D784IOBNC9 QMIIM62 1HE4T6YR5OO2EMSHFOH9XPIWD1EANO7Q70EOQ31LW');

insert into HISTORIQUE_MODIFICATION (ID_MODIFICATION, ID_INTERNAUTE, "DATE D'ECRITURE", "DATE DE DEBUT DE VALIDITE", "DATE DE FIN DE VALIDITE", "TEXTE CONCERNE") values (9, 5, '304-5-18', '972-8-26', '90-4-4', ' XKUA8U494FLOHODR WEL9593YS5W8O IC5CY AO72GYKN69IG2V5WD2H5K2XTMQ94H2E04B2YWNS0QDM0FFNEX7J1 PNHFDXG6HJT301B7JW01Q4WILMHT4BQ LSJIUUMQBFGEM URTOQA8NDU8OGCYJECJ3RPY WLJAGJNG5TX RYIIPQKN6BQI8TOLIA70K1HJXJINYJMV51 P8HXH U4BD CDNUW8 BOPHQAEY0VKKTVVB93CSKQK4F7RLH');

insert into HISTORIQUE_MODIFICATION (ID_MODIFICATION, ID_INTERNAUTE, "DATE D'ECRITURE", "DATE DE DEBUT DE VALIDITE", "DATE DE FIN DE VALIDITE", "TEXTE CONCERNE") values (12, 8, '937-10-16', '541-7-17', '1729-7-24', 'TWPGK3E00ETGFJ6KG6S9LHB5NSEHWDQCW5W4R0SHUI6I1YCIU5V24D KHGGG0N6VG2QQMNVO66AK5CVHYN5OOIQ1W FGNICXAG8FT9 SQ8OA1B98R1YJB0H7BBMUYUR7K5YUSSIULSCQN31EIR2GUO4LFLVFS8YCN8Y QWXV41XFTLQLSGTMXYMM74HDUVIV8XVAOSNOWEI83B 8DW4OVWWMXCEBLP17ALUJDE72VDRHTJDRD3DNWA0S4X 8975');

insert into HISTORIQUE_MODIFICATION (ID_MODIFICATION, ID_INTERNAUTE, "DATE D'ECRITURE", "DATE DE DEBUT DE VALIDITE", "DATE DE FIN DE VALIDITE", "TEXTE CONCERNE") values (17, 6, '1161-8-18', '907-1-6', '1488-3-22', 'O0QJ0EC2Q8NVU32LF63HYXIYANK8JULKJ 25A2TTAE3JGVGAGF6YFPMU6L8K16QXX FFGIP175O UUW7X4QSCPDQFC 1YT30X2SM MKBWIL1XG62VFDHCA3SUL25Y4VJGNCJO4MCOT4Y1YUN6VT5HHU48AV11AVCFDCJTFORSMSLWE TO9XC85A 9MY8O6K8L49F2SAABU5COLGC3MR8GXTKH6 WOI32M5RMI9MOBL12X5O52DJFF8C5FPVPBS8');

insert into HISTORIQUE_MODIFICATION (ID_MODIFICATION, ID_INTERNAUTE, "DATE D'ECRITURE", "DATE DE DEBUT DE VALIDITE", "DATE DE FIN DE VALIDITE", "TEXTE CONCERNE") values (5, 3, '1051-12-9', '1108-2-11', '579-10-8', 'Q3XK2MMHPPCD7KFS342K5U9L G9MV9AF5J8M6AHE4DS9Q0LJ5QOD3S VEU9E2K1S9B41YT8GT0XX4 KD98DNJQ63RUBJLPV22SX2XWYGMB2TEP4EFVN68NEXFJDI8KFOK3A25MNVFTQH5PPAPT8 JRXNTXK BF2OTE2M6I0T71SNG1MI45659UW7D GQN 0TUPGF4II1VAD6W1Y3SUT0S075LHRQOC5GUXWDMWGYFWV4OJJQSSP00RIQY6J3A 9');

insert into HISTORIQUE_MODIFICATION (ID_MODIFICATION, ID_INTERNAUTE, "DATE D'ECRITURE", "DATE DE DEBUT DE VALIDITE", "DATE DE FIN DE VALIDITE", "TEXTE CONCERNE") values (3, 8, '1614-11-28', '1526-8-16', '384-8-22', 'MVY6HVFWNW2YNFQ0SBRSPE28W P53XTU04HAXL9OVCTM4D9RBKG7WW8M7AN54L780U6J2YWD U741A3 YPHDI10PTFEGRRTHL6LICSAG1H4 2EPO21C1LTK8N1D8SHTHFH72GDT2QFE 0KWJMSG7ETGU8TTX2BPTT CD7I95FVQ8T2Y5AB5695NTRFWANEH R0BTKLQI50R5NTGUDWNISEHC1KOBQDF4WYA6LHUMJ2 BS7HNT 22MRSCL15BPCC');

insert into HISTORIQUE_MODIFICATION (ID_MODIFICATION, ID_INTERNAUTE, "DATE D'ECRITURE", "DATE DE DEBUT DE VALIDITE", "DATE DE FIN DE VALIDITE", "TEXTE CONCERNE") values (14, 16, '549-5-26', '1593-5-22', '1544-10-13', '9H7DENNKTYCWQN5HI8XGYNVQGKM8V22C6H5IR30A7D4SLU4C1V6RLW1V8R4PUHQ2EH8MSK2TLFQXD54BPQ6UPHX9VND9CT4F9Q JDSTBPEJIVFN3QCGF8QV8GEAJT0ITV6VXMNTFX9YJ6RSQ3YJ8G6NNTQQ0Y8P04DHGW865HME0LD4RLG SWENPI3P4QS48PJCMWQGVDQBSRNQ0TFDLE7P1 L58G3K22J2TLJUHDI7OL4BU31B00J9NC 2IMTI');

insert into HISTORIQUE_MODIFICATION (ID_MODIFICATION, ID_INTERNAUTE, "DATE D'ECRITURE", "DATE DE DEBUT DE VALIDITE", "DATE DE FIN DE VALIDITE", "TEXTE CONCERNE") values (11, 8, '621-1-23', '1160-10-24', '1403-6-16', 'IGXCG75 51JLC9H1XI7HB6J7 LNI53PVYVXSQ992JQ11E9JLE2EKRJF2VFOJ6 N494B4SKQVPJX3BAC9SDUAE0MTLCQ8JMSBMTO2P8IM3CQEJF1S XBD9VP SO9R4RAYO94FFKR5JWNMCYXHC DL9KFNHH88NAL3GMHXTATSAMJD HH6LL4S7YME6MCWUG9DFU9FN95D2RWFJVC9WJDRT1DCQP Y8TYXDMJTNRBAWCYH3BAMSGKFQ7V5F63NC3K');

insert into HISTORIQUE_MODIFICATION (ID_MODIFICATION, ID_INTERNAUTE, "DATE D'ECRITURE", "DATE DE DEBUT DE VALIDITE", "DATE DE FIN DE VALIDITE", "TEXTE CONCERNE") values (15, 6, '1256-11-26', '1372-7-24', '1661-11-17', 'EMG4XC75HB6HBJ79O7PUOI3G0X8C9KG3 SLHP9FKE5V RR9CFKF FLLNODU1556QFY2O3RGM0PRLLHISBLKENBX4C6R6MCYS KRI37MMVQ13QC70EHV6CYJOTCJD28OSFK9CPRKX 9LY1YXL8TU1JN7AF3IVXVJB36XAYJ53 U6AHRJ8WLQEBHY4 6RNL427U401YMKUXF9UY43T06NBQF4GWQ69LU F1HE SVB2GA41IC2DQEEIYEAQ29G DSD');

insert into HISTORIQUE_MODIFICATION (ID_MODIFICATION, ID_INTERNAUTE, "DATE D'ECRITURE", "DATE DE DEBUT DE VALIDITE", "DATE DE FIN DE VALIDITE", "TEXTE CONCERNE") values (16, 4, '1667-6-18', '67-8-23', '870-10-12', '2MSV6K52QS5UY4M43QFNB25CKXQ0QJLJE1XWAI8W3L78BV08C7XRRBDGPGF31LR2U88UOTP3F5YYJUJNLXWYJWP2245P46SW0QERDO6895CCN43VI5Q8 1LWQ 0MVW16KKKH D378YRNCVIQWPBA22JYWMLGSFRDHCAPW7S46DXS0AICRWUOG8SJ03UJ3G46S4IS0ILG0R2IMKO27M0QFXL7K150MP7NNKJ01LNVW0PDUXLJJATJYH3T9NBSUX ');

insert into HISTORIQUE_MODIFICATION (ID_MODIFICATION, ID_INTERNAUTE, "DATE D'ECRITURE", "DATE DE DEBUT DE VALIDITE", "DATE DE FIN DE VALIDITE", "TEXTE CONCERNE") values (13, 5, '1311-10-15', '655-10-3', '213-7-4', '1GU6B7X1E2JTO2NOP5SQ OCBIYKGJYWD QMJHHURA CUH719TOLMPUW8OO07TQH5A4582GUQ38UJPXGMBVPS6DNN1LRKTOH15I67EDEROK33XJ7V1MOVKV3DJ 4XLVTNXT0UK61J4VN5NYQ40 IYXKQ1GDU3 4CGC9GXIFAOU6LO2TGBK7TJ1C58BEAALU1XF2VNVCPPIRH46DTBDOQIGSXE SD4T5WDDQ4M3SX22XJAQKCYBVW6I3O HKHNSSV');

insert into HISTORIQUE_MODIFICATION (ID_MODIFICATION, ID_INTERNAUTE, "DATE D'ECRITURE", "DATE DE DEBUT DE VALIDITE", "DATE DE FIN DE VALIDITE", "TEXTE CONCERNE") values (1, 2, '184-5-13', '179-5-10', '1-1-1', '1RUNUGBK3T9DGAXIVKJH8C3279SJAH511F7EQY5B07E778QVNLI7TWDSAXQ0UMAGGHPU2D3V 36RLNU1U6RAFS2JCHTXMPY87AF 4BNY2JNC3FUMTBHJ K03D4MT82HG6INDH51C7XWQIAV8WCY9UFO6BCUQRQYC45P2700TBW996NULBUO9QG9OXYE9NK 1PF7OQT373D6RPT8E6OAYSEKD00BJS8 TJTSCWADCAJBN7R9DJ0J7LX 55VS7F4W');

insert into COMMENTAIRE (ID_COMMENTAIRE, ID_INTERNAUTE, ID_RECETTE, TEXTE, "DATE DE CREATION") values (6, 18, 13, 'GCJKWC8WHPEWUD0W9MV39ICIF95RRPMB3 A2OV76U534HUBHJD5O4Y4OCH1OOD5NU5NA0WGJCWKQPI7DB4NKUKB5TFOMBD2N6P6MUR3USVCIDYEX 324J9A 1S4T9CRBC8JFE0T9POX4PU1SL50OK6 MW0EFA163DXFY8CTHFIU650T35U5DKJWV75LHJDTR1LHB4JTI3AQ6GG0CAB9DJS0 FWRYDFPJXRHL6N4TLK5JPDDIHE1MPHUNUN1PIFB', '1588-3-20');

insert into COMMENTAIRE (ID_COMMENTAIRE, ID_INTERNAUTE, ID_RECETTE, TEXTE, "DATE DE CREATION") values (5, 2, 10, '2FK6RQTH9NHSJ418V L92IDHVJFMHUTSENWCNGB83N BFDXE7U2SJTBJ6DXOYN3PYJ5U19NA0XIEBBPANVMERND3D HGPF 7MSIINEEY1F9U933QQNO0BDPUSS268 BXLWQ81BD8O02D5437GLDITLQY3 D5XD62J4AXOSHKU9ESV5RO4THUOAW5DKPO2 OEKJ9K0WTWSIEY66DLJBFY8LWO3904UG654YD3BYNR8YVPPHC1WQAVR KC7MYUFO5', '1272-1-11');

insert into COMMENTAIRE (ID_COMMENTAIRE, ID_INTERNAUTE, ID_RECETTE, TEXTE, "DATE DE CREATION") values (9, 15, 13, '33 4KSLC7AJ8Y M6JRNTKF9VF0 RARV9LR1H LPGUFWNMKFO63BE6AFXS7GEVTIAGT98GPGQQMMUOR1NKBS4QCU2TWWG2ED64DMR23B0K6X93UV6V8XNDF1OFN05E9I2GWV3 K1CHTVYW2KFS2CD9EYF0E7GD187WCJWCVNV6OBN5G5RHEHALWR2KGRVL951H VJDNF XAWSW2TOQ8I3KKUGMKNMME54OL019HY5GM CBR5TT1E5EV Q5WNM4SF', '509-4-20');

insert into COMMENTAIRE (ID_COMMENTAIRE, ID_INTERNAUTE, ID_RECETTE, TEXTE, "DATE DE CREATION") values (7, 4, 6, '7J9S2BU4031R2IDX JNWEF953S0DCRQF6MJUWT12ENA7ANM9779KIX1NXKV606EV21CMJ3E79HJ22 4IJQJPR9G2R4U6H5TR4F2BMI2APIDV0PFBBGKD6RL8BNP97E1FPYFWEF5904RWH4YN DRIAVJ9GSN7CQWFAAL6V9MENB29GJ2Q3W RF08M5T9FRY8MKP5OLIEA5J5UK8 0F2JJINHYLFI6UXQ5DX1QUMARBT595MVBWD223A494YUKSI ', '217-6-22');

insert into COMMENTAIRE (ID_COMMENTAIRE, ID_INTERNAUTE, ID_RECETTE, TEXTE, "DATE DE CREATION") values (2, 13, 13, 'X3BCUVU0UA22UI1LU HXSL1LW6C8JN2JB76WIQ94OLH27M D0M34YVBN3LJFP5C4TKMR3FV0MT13DS6ADX8EPPU2THDRG3PTRDA8RY4QXOPCXM C5EK4AM94LEDWY7EAAHUOUEYQHMKYOWDYC7PI8CTFTK1GOB2OCF 811US1PO0QKUXT9FQCO71JW0XDG HKDD299R74M3FHNDI30ETOMQDPXWP1QXOF5T4RNAM0R03LEHAKNERNC6B0VB41I7', '869-2-20');

insert into COMMENTAIRE (ID_COMMENTAIRE, ID_INTERNAUTE, ID_RECETTE, TEXTE, "DATE DE CREATION") values (18, 2, 4, 'J7A1C1YF3R4JQ19BCD 9EU4V4VJYDX9NTYWWJV0T38FW21QE4FIRJ9FOGKIILLKMOGS7GBXKH30BN3IXFGBRT2W E4WRU681OAFUPRUCJQV0Y1HIIW86VQBQFCKG058BRVWPUU5CXCNBEWOE33OX53KCFS D 7LE9D1QBFB9SXOI929961RY25STOVADHCMT O7WGQ2DK8W R6JFAL87XA6OWQ9B7UQL4JI7I96F7TY2050M9CJQY26Y7AE4N9F', '725-12-30');

insert into COMMENTAIRE (ID_COMMENTAIRE, ID_INTERNAUTE, ID_RECETTE, TEXTE, "DATE DE CREATION") values (14, 3, 3, '87HQOPPMS  47 6C7EPOL8EB92ARNCGIW9R7C26K9MUBUNRA0EVFTUICOG65XMKS5OG0CKYB88A5FTOUFCQ6JNS2VN9YWSYB58EVR3N9LEYVH7X4ER3XWJ1L EL9M0CBM684SG41T CEKHVCBKGE1791RU0S4EO3P2DTKBLFVDN8763 713W7DQRDJ5YHY767  MCAFB8AWO0RILKX4IKI29NEESTLI7CB1UCXFRXVVJMLAXECDTG456VTX0B4B', '1695-9-15');

insert into COMMENTAIRE (ID_COMMENTAIRE, ID_INTERNAUTE, ID_RECETTE, TEXTE, "DATE DE CREATION") values (15, 7, 13, '  WCIUKJ1KQ5DPXVVCUI64L2CVJQY38SJF D97L2I6S3CXX0HGCYKW5BO QJMDL9XJ7GEP7MPGFTC1OOXD8WM50KC4YUQFOFHQMPVQI0CIF9TR68M97CLA9TLP70KI 6MXO APLD91 4YXB71TH2GOVCVOV44WURXM8YX2E4G9NUJCVGWALLTSQORJR01YGN7RK3Q9R 5YGQ2TK4 FJAW4PP B1CM11NBVDKASFVLETTMA OBHO8N6FHHJCJTIN', '1162-8-29');

insert into COMMENTAIRE (ID_COMMENTAIRE, ID_INTERNAUTE, ID_RECETTE, TEXTE, "DATE DE CREATION") values (12, 0, 12, 'UB1QET723BDIW0MOR0CSCMIKH9ANV8V7IGU3D7096Y8QMOR1DDB2A1OMBL6E93INC4EE21VHY9U5CPPESVB5IRA1YTCFJEYP6TDWTIC4H7OS8UG0K4P 9D 5NGGY8NP398WDRH4G6WL29H10IWH0K1G7Y7RMP4CE19QUSHVOPK3S4OJFQ2417MDCMVXG1OE49U3WMOCX O79D619NSLARLGLRH9W6WJOY5RGPX859SF49COAW8HEM5I R6KURYE', '1332-5-17');

insert into COMMENTAIRE (ID_COMMENTAIRE, ID_INTERNAUTE, ID_RECETTE, TEXTE, "DATE DE CREATION") values (10, 10, 19, 'CFJ2TAPCB2LTEV7LDFUUEW4BB895JAPMEAFTRF5H7400L2F 3I49PJXPD37WN0OYWEHEDX2HKK23KHD43MTW88RIVLM68X14YWGO9EX80P QLJ17UKRE6HDMD8AXSVMWF9B4D7UN4624CF3JQG0 7J8 DQ5L7EW2765P2HLMBXV W4SG1MOCFHEI9695RW H1O7V38L5X32KTE6A O5R94O8DXW55IQ0K VON4X887FOXTTEOLV1L3G4VJFLI7J', '1211-8-27');

insert into COMMENTAIRE (ID_COMMENTAIRE, ID_INTERNAUTE, ID_RECETTE, TEXTE, "DATE DE CREATION") values (17, 16, 6, 'JDQROANCWF0 KLN094JIGRQS8XYG3COJ WPJX1576IIT5H1P890VWEAFNICNRJEIBI153AOM6J2ARRUHVWSVRMOQHL5X8GNTJJ6JBT1A1CASBXRKMSVOYYMQU059OTILN5R 9UWJWP X9Y8W1KNIV9O6XHBUSQTKPFSR4 NEXDEIJ4H0PROTKW4CWN01UR73SDHFO9IKDWXEP7I56VV6IL1A13RCJW181WEM72EEGTCOQD4657EBQGANLAHD8FI', '1466-5-28');

insert into COMMENTAIRE (ID_COMMENTAIRE, ID_INTERNAUTE, ID_RECETTE, TEXTE, "DATE DE CREATION") values (8, 19, 11, 'PKTC4GA4THJLL85VL82P5T0JRUJAYR5LUKUEYU46JQD0JAJ5N4LJPV86L46M1F80O8LY768WTKJ40HW24KWW6JGGRSD7S58CUUMN7WODND7UR1 KJBY3YYEBK870FD5UQMDFCWWIMHD9LL0A15NOJUAJYVNBE1CM9V5H8NRX0F0SKFJSGVRJMFMPJ5MOBMNK4 8DN6I3RLY4S7L99D1T0GF3JJXXX48AK9RTG V7GJ09NAKSJH1XQ82VWLA625Q', '413-2-12');

insert into COMMENTAIRE (ID_COMMENTAIRE, ID_INTERNAUTE, ID_RECETTE, TEXTE, "DATE DE CREATION") values (1, 8, 6, '9K4TXR3XABRRFKF8635BJVJBW6SAUVQ4OQ0C0R5438TU681V2DAAORSDULSILIHTJBC9PU8D9SAPCDX2SGV9LUTT704BEDKOL9NBXJ0Y16UQ00JUJ2YHUR3O60G2HYMXG4F6TJOMN927K6TN9NI488HDSRG0C W6F48HWOWHXKPDO67BO9N6V8JPV4UBU93IM6NQWYY0LAG9AFQ3BLGM6S8VYKC01SICYTBAVKM6482WLGWMH12BS64JFBO1BPX', '1041-9-15');

insert into COMMENTAIRE (ID_COMMENTAIRE, ID_INTERNAUTE, ID_RECETTE, TEXTE, "DATE DE CREATION") values (3, 17, 2, 'J49TI2S6BSWB951S 7LM1PS9QG5PBADNCKCWK53H4KF 3P20MD0BF369WXJ7LW6KGJK8MY5XRCNY5CJOELKE3I09VJM1JCS2Y35KPMOCTN 22FOFNBA4IR6XWU64Q5 2A VORMO87XL9DLTH QUR3WOGO1OCP2N1CU9DLO7IAA7GJQHJJTIM3AQJ887NT5XXG0EF0RIOVO9LV1DVTBA2QKMH27I2EQ1BAN5SM51S4TUOO 98OSRH4NU21L0KOGE', '919-11-13');

insert into COMMENTAIRE (ID_COMMENTAIRE, ID_INTERNAUTE, ID_RECETTE, TEXTE, "DATE DE CREATION") values (19, 4, 1, '6YPWB FBCL9QS3D4YGJ9AAR2MFTS6P6J5 WSXMG3HA79X765VVPOV5D1YY J1K36B9PKKUA8TLSI7 RKD25MSI9SHP4O75O6B5EO9 ERHCU7QBPVCIJCH5GC47X7UCOLBC1617GW5Q POYXM96CQHOA1CBXU3U2L2 HSWLEY2CL08NJM2DRDFNDA2DFX6B7IQNCX 6IFX7XTL 0R9WTHUILMU3HHBAMU590NCUB02SWG0G25WVBWEM4UON05SA9', '294-9-10');

insert into COMMENTAIRE (ID_COMMENTAIRE, ID_INTERNAUTE, ID_RECETTE, TEXTE, "DATE DE CREATION") values (4, 14, 7, '8K5NM6FMI8VBWSGPYIUT6R9ES7JL8VL6IU5A7NLIVSQNU7D8L7TPIKK6JGPPRWKVLBDLFY1D9L 9JMD7MM41QMOHA3HJB8C1NWE6YC8VX2O8YELHPWJTCMJKFBO279 NY07933NWB4BFQY47QRAPHD02FRE2DDJ WL7 VHMQ18PJ4PUQPDX6YOYS P82E1VM3468WVEUTD5 24OURJHIAE2WXV5GLRSCANBLGL4 M3B05PBF8IBRJFWS9LIAS10', '96-9-28');

insert into COMMENTAIRE (ID_COMMENTAIRE, ID_INTERNAUTE, ID_RECETTE, TEXTE, "DATE DE CREATION") values (0, 12, 3, 'BDP8KJ3W9GFBKK GTM39PIN073N5HME5XEDYCPQN0K KHAINIKOIYN1U4RE7PAFPUM8VW91ATBU0CTWEBT2QX0JOSORBFOR61CHT03FKN9PYFDQ2DDQXSE6RQH3GVB TQ5R1ASH7M2P3XTPY1ALIH6 9TYE22ESXGO950LQRALLKPPH9 U4CPE065 4XTSWM0TQ7BDRRBULUH5R24GBN0TDI3O9AOY0 IIGN4P6KSYHVQ1CEQPP4OS64C9ES14W', '675-11-11');

insert into COMMENTAIRE (ID_COMMENTAIRE, ID_INTERNAUTE, ID_RECETTE, TEXTE, "DATE DE CREATION") values (11, 15, 14, ' AX7C3RMK AK OVY6ABCSRCMQU4LE12DF0DCJPFSXI9PYDQF7L5V556W1TTFNL995MBPX66ER9J7VNHL7PAC0FL6MS21BEVDSADOJL855CW1B3KCT WHP2NS KP3P MNYIC6XPDU099L813KL2DFW9YYH7RTGK1 533PW4395OQT QT6 U6XPYT1F2EWM85CQ2S6T7J9DLK9D176BJ 8KX8C0TYMOTRO2RM6B5IOBB6WJPBKVLM4GPTADCYRJW8', '1-1-1');

insert into COMMENTAIRE (ID_COMMENTAIRE, ID_INTERNAUTE, ID_RECETTE, TEXTE, "DATE DE CREATION") values (13, 19, 4, '1BT0QKTGGJE4B28VCSS3WLNUAIV NGWOFL3IE0 HGIO5KYXBL55IFSU8RCVU54 T YTUAM4CPLA2BMUODX05235M6P4JLM30QBEV3PHH43M OTTOU0 HQ2A72BO5YI0BVINMX05YS6D1CSGN57W4UNOXYUTYON7FKAI9IM IPYILI57NG6 TE5IBET7CPE0N BC535KI0FA6YV9B JNGWCVM0OOXKFH2E3PSGIB0SH8EXGK10SM5DDIPETGGAXI', '1834-9-8');

insert into COMMENTAIRE (ID_COMMENTAIRE, ID_INTERNAUTE, ID_RECETTE, TEXTE, "DATE DE CREATION") values (16, 11, 16, '914GSU1EQ6X548NWRSDW4CT 39H SGDPM7RS 5IT0CJ5A8RS5MLSQYLP 9UY06QI28A2CO4AVJVK1RFIIUOUJU3R65 FA2D59HW2YCFC  I3M9N8SVQY84428NVP B0LHBNQ5LEAOXUNIMXRM2U7PHUC8KGBOLULO6JCBCG7XP9HBB4T9WX0W6U22PG5Y4EQFIGH13C DM 1RCITNSU41Y4H5XMCPPOB0S8Y2VA9B265R7QYCACFE22OM3JBWL2', '615-1-5');

insert into CATEGORIE_RECETTE (ID_CATEGORIE, "NOM CATEGORIE") values (12, 'T WK 80ON28PEJMPP1F9HWGRQFE6WHUGAL5VM1QI72XDA9B5DG933DN7E406KJCWQC KO3JXH85JR VOT591Y5OK1TQIFG9DA09GX75 R UGD8TVPEY1MT75 VO09 J94B0HPL49CNCG8 JVQD236ANXHMAMH9WJGWMTXWR4KG64YM5KM5KGBW7IY79HXVXXJASPX86GTI85PWLE4PSG5GV7SPMT3TWPMXEMP 8YIVLE51KK1YBLD2F D4L4VHX');

insert into CATEGORIE_RECETTE (ID_CATEGORIE, "NOM CATEGORIE") values (19, 'W06P5N1LT1IQUKMJV6N L9CEE5CQYRNT41870TOP1W8BONLQSEJX9J85QN7X2SIAO3AN6PLS5LTB7PF9EK8LLH3QVCD9CIORIJE5NDTTFMY0XJWWJL7NPYQ4FSI4U 6F7TJ OFVMRK6WHI7ALFX4XADXLK47TUEA3DLTMXNRO0YUNH RO1O9PCKM9AMGL8651QBK1LGJELPXCVAJKFQLMKBHYKD4PSSIMDEEMK 4TXPIQLIJMN7YIW2HW3MQUQS');

insert into CATEGORIE_RECETTE (ID_CATEGORIE, "NOM CATEGORIE") values (16, 'R3VHR7KCFFQ5A15IIWR6G8TMFWJH3UTA0BS0GRT23EQ46OIJY5UKIVB7WIO0APAP5VREGI52NLNNG8895R28RPYFAU97OK WVYG 4PTPCH9NKFDO7PJY53SBPR2WWR64MEH 0VNP68EYB4JBXPIFYMFD3QXWWPR2OQMH0L26 MW8TFT1 466NY1E5UPVW24T14KKAOXQC4M7CGX3SWSQ1Y8MDYADCK6TJE3492PAOUGBLM 6JQMH7O7S0FKX27D');

insert into CATEGORIE_RECETTE (ID_CATEGORIE, "NOM CATEGORIE") values (8, 'YQ201NUA73KD3HFRE8W0PI9QV5FJX20QJ0751H99AKPBU5II8LEBLL12EKP5OP9Q9JNET0QKOTDAU3P K6VWAEIY8XMFEMCF97VMVSTT BAC830IRBJ7S2BROLAF6OUF0RXRPO826DUH46JXH3DM059AERF721FTFPMRQSVXN23UFOLMVFYNSDB IDEV07 8UACN5KRL78RJ35LHG JSVRJQI6AKSXJV0L7E8N3P1H6PWI7 661LVP8YBOQG66A');

insert into CATEGORIE_RECETTE (ID_CATEGORIE, "NOM CATEGORIE") values (10, 'E2FX2007IT8EKIX42D90MDRTO863RUAK3IGVRIXLPIP4AJTA9R9NGSUVE SEOBUUPC14LMXYMJTM5IYSJJXURI454PBBH2PSIVECP7S10RDXFTAUJ7V45S2IGXG4HG18DWGX9XMV8FVPFS5TASFPCSC1HLLT0R83NK VHFTK65N7IN29HNQD3M1WU2Y2E61I7GHTL80E7 TE KXW7JQN38FIP3J31RGRHKB5WT6T9E7XBIVK7M3P6J2BRT3VDIP');

insert into CATEGORIE_RECETTE (ID_CATEGORIE, "NOM CATEGORIE") values (7, '9F9ITOGHET9I2XHA9OKAB5BU29S70TCDMJCYG8HFXVT5PABV6DAL0VAVJX15RV2ALU0CD  UAXRDHVSLLK82U71LQ2X211DL1UV1JB2QJ165K7IQ137IM14PSI7UDWVM1NXBIMOHXTKBXW4S3AEJSDX70L361 44TVM4KDPPTDSD2H1NL1GJG4SBV86IWWI1QOQAO2XAQD6P8LOCHPENBCYMYSH3IBEKBOJBC80GDYFG8XCAVAOVT1KX29DW1W1');

insert into CATEGORIE_RECETTE (ID_CATEGORIE, "NOM CATEGORIE") values (5, 'A84OKVFKNLUNHN465 73W0AND23QSBCKYBQ56373LDADJNWBV8IX8L66A3BQAWC1PLRF1L70DV3H111SN8PT7YV FDG0SXQEV71DTJ2M9FJD9CAH1PUTU5HVO9KMG78J3FW8 TF5VIGR9NG7SIJE1T9HADA 68Q8BR5PSW2P2Q7RTUEP PWFFCDFSCRYO315RT8UA0OB0VPYKB L HL7EO45 2LSFN2VWC148Y2Y5VEAU84GE7UE6IR3WK15PAQ');

insert into CATEGORIE_RECETTE (ID_CATEGORIE, "NOM CATEGORIE") values (9, 'VIB2F97 F5U75TBQP6DB3P5MHY0T4K4YMOS82PWAI21O9G1SOGN9SSJ1LQQ55UXRCO04QQUUU6USUHGANRVIDYCEH77U3535A6ERIAHK 0U3GCB9SU0C7IT57K39AVP6L1HPY2YDFFRQ3E1R6Q6MXLVONA67E6GV8G02YLY7JKF95NMWRQPPQ25HO4F2J1RE6WUJU3 1LSYVE URGH0I3LU2 4XR76NU83 8DO2YRUG8400J0TQHYMX 8M RA4T');

insert into CATEGORIE_RECETTE (ID_CATEGORIE, "NOM CATEGORIE") values (14, 'F62MVM6XX6NCJU56E5YLKODWR 8 147LBM44Q7604TG2KNL0KHAIA0W 1OUJ2FF Q5UYI03ALLUBLXAU9IKLO3Y3FOMDXCQP 74RKF4JHAKWDJ0OSMS1AH5QL80D6DP0B52DP7820ORRAPB5G69874S38IRLWITW295QAI5VDCR262GKLDJQ3F101MW8R190MR0Y6XEPSU93HOLVLCH725T TJOOXS MCOQCUFBSJL6930LPT47JUHT5B5PE1UT');

insert into CATEGORIE_RECETTE (ID_CATEGORIE, "NOM CATEGORIE") values (17, 'ON1IC8FY7XXQ6HW2CRP4QM0IDD9U4EU9S0PYHSO7IA5ELNNIOUWYY6Q62TJ7NPPO7VJUJLEQ20D0E5W4BKGNJS1UDKN8 AT6TS7CF57XRFNLP RWIH2HX8RC2H2N8Y M8ACU6J3190 HORPN44A0SW39LJ7EQ2DQNXG00DH2S88CRLNWR4L VNO01PFRXHMXYC SBT6RAJ61E5V1K1EK6WJQ6 Y9FNOHP5AGLJGPBHISDL36GLY4SK2ECEXS I0');

insert into CATEGORIE_RECETTE (ID_CATEGORIE, "NOM CATEGORIE") values (18, 'D20KIJPX84LU0GNE8XFGB 46QO1EDKIEFVO0RY3NFKHMIPJDV69034L19V0BH7O27OTNBWY189QBB82VK0UNOTHD89FJP5KO3M8GHH3 CB06OEJ8MYY9KTV7QXFT2T988JP9 1TQ6O0H9NR904FOKYC NI8VRQB6JV2WO 0 0SECWL31LC3MQB1LLE27BLVCPR50U 2QUVXRR1I4X1SQF2MC J7DJBM190W7WSWKIPDP9XCIFDGK9L9V0NVQHUR');

insert into CATEGORIE_RECETTE (ID_CATEGORIE, "NOM CATEGORIE") values (3, 'VF15YOCYAMTK 5CNI830I6DOAO FLIE0XA XN7Q87HBADFKUXAMF C344QJ849AMPNK6MT682A0FJCY0YA2P79LE7QWMHO0E158X2540X CV1H4N4S4VCNTSWYE2OX8N85073336A8FLBORWG28 GLW5WKYYLJP8 VN4RSSS4K1HS2QCC5G4KD5VBE5S38EJE8IQYR4JQ9KKO146KWFFIM0VQ592W3GGYYN7JP3KUD4V8A30DYL1472J094CNE3');

insert into CATEGORIE_RECETTE (ID_CATEGORIE, "NOM CATEGORIE") values (4, 'GKMSP9NWKLQEFIRY4CPY61A4WJYD5WTRJKH7FQWVTI UBJRA7HD6 XB1E19633725OM LK1H2KHGO7ROK9WKS80Y4N GULQPE1XQI6 EL3GXNBM 0I26TED1L MO0PULS50SFXSF8VUNELE5UFEMERPPYYM2BIBRH C4P4YJD3EM4OGBYO66VJKHS 2HH63F3U2CNX6VVANI33IRRBJVLUT29SVE9NJYRK8SPFGN6GWOKAFX6TD90QLC2LRYFT7');

insert into CATEGORIE_RECETTE (ID_CATEGORIE, "NOM CATEGORIE") values (1, 'V78KE8N0C7 81TKHFO AMI5AAE 7 THYTOFMPRFGIINJA885 85RWKXM22XHY9CWNW5R1PLLX1OGP4E6ID 0OPVJ1BVL N1IC6S2ALVKHEOE7X5P36J17FLCMYLEUW1G1B2G  WQ8MMMG1G0X6AMDBPIICBG YSP2O8KEF5TDBY3PY6QFK7CPXNXGDO7HRMKU5VWFK2RBOILU44S3YIJGXUMGEOS3CRK 6 NJ00SJCIPH2YCLIYBGXJ1JFR68RD');

insert into CATEGORIE_RECETTE (ID_CATEGORIE, "NOM CATEGORIE") values (13, '80RQIBHW6HE31DO4JJMC6GDH XK1DT6K QW5JGR3JTMY11ILQXRS08GWFD95MRA2D95KGUB6 LN3AQWGLOHDLEOCSFBGJ05YO49YS978JUM9QVWQAMMYL7C2H F4R3NXYF24CJ1P39Q5M 5VR7 BV5BQQJAA4L34 0ER4QXI967BGRQPPKG4PU EM9M1TBG4EA4KJ2JVHLBA13DJLHVYJ39LXY88963VJF507V1JY5BEGY8YQF6B7SM585XR5A1');

insert into CATEGORIE_RECETTE (ID_CATEGORIE, "NOM CATEGORIE") values (15, 'PL5FL1O6JN6K 1L134HCMO11EXYHDJXPFHWWM747DBND8G92EMFB5C31155TQNG77XSLE72W I549MH2QUM55UBO4T8TD3H0MGJH1TFJNJ092QXFF66UO0BI8OAESOPAOCJOO1E04J47L9BX4TTHT1SN972IBJ LQNU9879OHD4FN O0XOX7GFKQIP 5A3D3M75CLXFG9P7G0Y3KDJI4GWQ Q65DV02HJNV3L3JRE BSAIU1CV9FJGF12IA659F');

insert into CATEGORIE_RECETTE (ID_CATEGORIE, "NOM CATEGORIE") values (11, ' 3F NVTCK8G 108CE61KADF062BRO44WBAO6A2LRFJ4GRN066K2FXIEY5N NYQ26QLES8P5VAFSLLK12FOUHOE7X96PM7QY33TBSR5GVSH X81RXO002RE1QCFG1LWVLP70V6QU5 O4NC8WS1J 5ITACRKYYAT6TFDSBTPUAHCBLN7HU6K DCTOVD6Q K1K1OFP236BYIBG9W TI8W0 KH7LM73HP WOEROQC8E0OQ9SWEF9WOS OT5XH36GY1G');

insert into CATEGORIE_RECETTE (ID_CATEGORIE, "NOM CATEGORIE") values (0, 'D1ACM2RIG9680GA8REGWX2P1GFKSHPEQUK95MPMCH0OLEFDCVJ7N38XRYGVLXA9H1JCCDQLVD5MF2O77KJC7DP9DB4M2O4NS  NW2PCDNKUIR4CH0AMED 9ALJSEEMK WJMLL6GCXKIH Q76G38YAPH7 9TJB9WP6971JPCM 0AQRF4KEURA0GD2WHICCHDUCUNI3 GBRC6EV9B6F 9N2U74SU5B3VQK4GP75M1SEHMGQ9WUBF32OKAVFKBTRXJ');

insert into CATEGORIE_RECETTE (ID_CATEGORIE, "NOM CATEGORIE") values (2, 'EBSH07ABQ5WGLEG P O3CNBQ6KD2Y98B1X4GLFQE2ELXEK0H3IPH1ITL29JVM5GGJ47LFOO91R4P2M 9P63WJGUVXNUKJL7978C8TFXT5XITRML3IBWD 87DE0NE4G5YMQE3QT9X6TDR970NPHQBAEOXFUT3OA0OP8PB1OK96FUE9QGHVFON50667QOO57JGJI6GAGNIJ K 5764QYHJ3WJQ8H8MF2H8MI9HW8H6VUQ859HXE4APCHQ2A1WV2DN');

insert into CATEGORIE_RECETTE (ID_CATEGORIE, "NOM CATEGORIE") values (6, 'TNBWQ0UXQ3I2779O774T7 WOLEFNNF8W0M8L0KO1HENTF3435U7DHUUCMXY1PNF2FTLDHATQR93RSCG5V6YOGISRCI024PG1OT1SPO02NFT8LBL8EGX4EDS V 4DFADR6F8WP1O49YY1J2GSN5 J NJ29K00JW 7BS2DUETYL5RLSJMAG 2AB9G5FQKMQTPCEBKCXN6QHNQTUCC9J29BWYKB66SFT3K7LPYH6D4KR9G3N I7KOU2O9JSB W4VKD');

insert into COMPOSITION (ID_INGREDIENT, ID_RECETTE, QUANTITE, UNITE) values (8, 9, 18, 'QF3WND12 IRFXWFJ2D9E8M32LMFL3QXWYUKTKKUB1XUYY3IILPAXC 5C79EWDCBD');

insert into COMPOSITION (ID_INGREDIENT, ID_RECETTE, QUANTITE, UNITE) values (13, 0, 19, 'Q6DJ6X6TRV0GE7H0743M9S1HWQO9YR0QM4KDYEHGUH1WHO6P IGGDABAJQ7UIAD3');

insert into COMPOSITION (ID_INGREDIENT, ID_RECETTE, QUANTITE, UNITE) values (0, 1, 9, 'DMM03L90936PBOH7EUOTQDFF78L9HVRK1QMHLO13859ONYB248JHANYKC7WJ15O3');

insert into COMPOSITION (ID_INGREDIENT, ID_RECETTE, QUANTITE, UNITE) values (15, 3, 0, '0O5CAMECCBM14YLN50FOOBH7KXQ38CIJVUBFPXX6ED5E4RBCRM8YD9LRWQ8QSDTP');

insert into COMPOSITION (ID_INGREDIENT, ID_RECETTE, QUANTITE, UNITE) values (18, 19, 1, 'IRR36U7 H99TT4HDGOBCM1XLJ63OAU1A63O V7X303UO5G3U4YO8ET5Y1XHM2 SU');

insert into COMPOSITION (ID_INGREDIENT, ID_RECETTE, QUANTITE, UNITE) values (17, 13, 17, 'APS9NJSOM4FVUTATTDSGKG Y7T6J8OMXLMCG91HT9S LFW48Y N9NG5P3TFXQG5V');

insert into COMPOSITION (ID_INGREDIENT, ID_RECETTE, QUANTITE, UNITE) values (16, 7, 15, '5Y2F4JQK6N1J64P072S720E3250M6J1292BKJIDSUFOQ5H9UI AEWWJ1T1AW3SYO');

insert into COMPOSITION (ID_INGREDIENT, ID_RECETTE, QUANTITE, UNITE) values (9, 12, 2, 'IEWLH45C20HO9NXG3BQ94LEB803EPPMUSK7OT5 XXGL720XEIQALF9TLJNU81GQM');

insert into COMPOSITION (ID_INGREDIENT, ID_RECETTE, QUANTITE, UNITE) values (4, 6, 8, '8D4B53N7QXNM1JJ6J4MQAOPG7QFUWU4XAS3IT05P6SUMDW259HW9 9YD27C5VFJL');

insert into COMPOSITION (ID_INGREDIENT, ID_RECETTE, QUANTITE, UNITE) values (3, 8, 10, 'OU2L QCV4KW81ESM 0VAK4JS45JFC9UDEUIDMN81SX21S 2TF0RAV1FYPTKDF7WY');

insert into COMPOSITION (ID_INGREDIENT, ID_RECETTE, QUANTITE, UNITE) values (11, 15, 16, '8L269I28IYLY7NPVN1CE6 SCKH2QGCCOCLSBDCB16PHUU1CTCPT52RH4JKYM7060');

insert into COMPOSITION (ID_INGREDIENT, ID_RECETTE, QUANTITE, UNITE) values (1, 16, 14, '59K7FMCENG02PSGIDPGX6NYX EBVBEKEH7R094X118AJHA9J8QEKBT3I3LLJROAU');

insert into COMPOSITION (ID_INGREDIENT, ID_RECETTE, QUANTITE, UNITE) values (19, 4, 6, 'H8B9GB0MO7YHJI0DQNBCV0RECXO4EO2CN8LWEBGN6S9M33 FXHEW6PW3JB1ITVQP');

insert into COMPOSITION (ID_INGREDIENT, ID_RECETTE, QUANTITE, UNITE) values (14, 14, 11, 'OCLCAW7KHGV04EHY6EDBA G1OUN0DF4OJUSB I9RSV16ECW75QI2 LEH6S1A743X');

insert into COMPOSITION (ID_INGREDIENT, ID_RECETTE, QUANTITE, UNITE) values (7, 2, 13, 'J29 A7JHJVL1GKL9RYL1X ROLI8G8EK 7MH NQ5UJESUMD 66QXHH7KPTLU18DED');

insert into COMPOSITION (ID_INGREDIENT, ID_RECETTE, QUANTITE, UNITE) values (12, 10, 7, 'F9L9DH4 RNID NHTXUF4UYWM3R XNTMFBS78JJJULV4OG0L1Q9E2XOUCTU8IS47G');

insert into COMPOSITION (ID_INGREDIENT, ID_RECETTE, QUANTITE, UNITE) values (5, 18, 3, 'AAHOYKIBLJJDPQTLO2SRJCLPQWUGOE5M Y2TA 87N76B5OO32K265N9GW3HX5CI1');

insert into COMPOSITION (ID_INGREDIENT, ID_RECETTE, QUANTITE, UNITE) values (2, 5, 4, 'E369XRU5XP1V0FR3J66M1027MSDGVEDOS8L12LLTWWLSD7N2XGMRCD9LFFA08JVH');

insert into COMPOSITION (ID_INGREDIENT, ID_RECETTE, QUANTITE, UNITE) values (10, 11, 12, 'P1KKOUQO9VW8YV CG6HSWE3 9QJXDJ59WBWOIGI60UIRCYF7K6B8CGUT7FYYAPDP');

insert into COMPOSITION (ID_INGREDIENT, ID_RECETTE, QUANTITE, UNITE) values (6, 17, 5, 'I0XL449LG8IBXNNT K704HUCQKWBR2QGWAI0T3B65JJATSEAPISHF4HQJ69I8BH1');

insert into NUTRITION (ID_CARACTERISTIQUE, ID_INGREDIENT, "QUANTITE NUTRITIONNEL") values (11, 8, 13);

insert into NUTRITION (ID_CARACTERISTIQUE, ID_INGREDIENT, "QUANTITE NUTRITIONNEL") values (2, 13, 18);

insert into NUTRITION (ID_CARACTERISTIQUE, ID_INGREDIENT, "QUANTITE NUTRITIONNEL") values (5, 0, 8);

insert into NUTRITION (ID_CARACTERISTIQUE, ID_INGREDIENT, "QUANTITE NUTRITIONNEL") values (19, 15, 11);

insert into NUTRITION (ID_CARACTERISTIQUE, ID_INGREDIENT, "QUANTITE NUTRITIONNEL") values (9, 18, 4);

insert into NUTRITION (ID_CARACTERISTIQUE, ID_INGREDIENT, "QUANTITE NUTRITIONNEL") values (17, 17, 16);

insert into NUTRITION (ID_CARACTERISTIQUE, ID_INGREDIENT, "QUANTITE NUTRITIONNEL") values (14, 16, 6);

insert into NUTRITION (ID_CARACTERISTIQUE, ID_INGREDIENT, "QUANTITE NUTRITIONNEL") values (15, 9, 9);

insert into NUTRITION (ID_CARACTERISTIQUE, ID_INGREDIENT, "QUANTITE NUTRITIONNEL") values (13, 4, 10);

insert into NUTRITION (ID_CARACTERISTIQUE, ID_INGREDIENT, "QUANTITE NUTRITIONNEL") values (7, 3, 1);

insert into NUTRITION (ID_CARACTERISTIQUE, ID_INGREDIENT, "QUANTITE NUTRITIONNEL") values (4, 11, 14);

insert into NUTRITION (ID_CARACTERISTIQUE, ID_INGREDIENT, "QUANTITE NUTRITIONNEL") values (18, 1, 17);

insert into NUTRITION (ID_CARACTERISTIQUE, ID_INGREDIENT, "QUANTITE NUTRITIONNEL") values (12, 19, 15);

insert into NUTRITION (ID_CARACTERISTIQUE, ID_INGREDIENT, "QUANTITE NUTRITIONNEL") values (6, 14, 5);

insert into NUTRITION (ID_CARACTERISTIQUE, ID_INGREDIENT, "QUANTITE NUTRITIONNEL") values (8, 7, 2);

insert into NUTRITION (ID_CARACTERISTIQUE, ID_INGREDIENT, "QUANTITE NUTRITIONNEL") values (10, 12, 0);

insert into NUTRITION (ID_CARACTERISTIQUE, ID_INGREDIENT, "QUANTITE NUTRITIONNEL") values (0, 5, 7);

insert into NUTRITION (ID_CARACTERISTIQUE, ID_INGREDIENT, "QUANTITE NUTRITIONNEL") values (16, 2, 12);

insert into NUTRITION (ID_CARACTERISTIQUE, ID_INGREDIENT, "QUANTITE NUTRITIONNEL") values (3, 10, 19);

insert into NUTRITION (ID_CARACTERISTIQUE, ID_INGREDIENT, "QUANTITE NUTRITIONNEL") values (1, 6, 3);

insert into APPARTENIR (ID_MENU, ID_RECETTE, ID_CATEGORIE, "DATE D'AJOUT", PLACE) values (19, 9, 12, '154-7-7', 'OF4QV8KNFR7PJPSNTLGIWC1QJ3MLD7Y7WXA19VD1VNB8LXRAOBE711VB62PK2QHOL5Q70T8BBM7FMDLSMM3VBC0TWEVVUR8NNRQO QGVWD03GV21EIVWPG0SAKTR55PNQ1KTBDWFM8YY5DI8IN1NITX6PT8FR 2M70KWGQW5787M41U0CAXBBXEC9YTWOGWXB9342YCN620M 3FGXFW1YHL3XHC86WEB14JJ79NVV1NFP0606NDUKC7LCKL9VW8');

insert into APPARTENIR (ID_MENU, ID_RECETTE, ID_CATEGORIE, "DATE D'AJOUT", PLACE) values (16, 0, 19, '439-2-24', 'X5HB634T8C4FCHELJP9RPKJGF10ETK2ND60WWA4AIHYNNU0OA17JGN73M89LLG8FKIXQJN 2WYUPGJQW B08VRPDJ0H26XGTX74BTANR05R WNMCNKXCL7G505EP4PSO8579BM4DUBAXWIXMTLWF7H5Q99IHTQLBO2D3L9NLUGOYBR0TDYF26GK1WSVCMBAOUEIF18MITBVL 9ELM RXW6MFYT8BQ0H4RC6W1RIT0GGDJ9T58TQMN2GVVD0FCL ');

insert into APPARTENIR (ID_MENU, ID_RECETTE, ID_CATEGORIE, "DATE D'AJOUT", PLACE) values (9, 1, 16, '702-4-19', 'MU J6SC0P19MSM625DDWVMRATH49RG7PNU2G HT0WXSAHOR6VJBECY7LA0LOE09O726G049FP7 0163B3N53TMNWT43OHXD7U3PN2P0HWNI 3DFR413G2ILYGWP95XJNM SXW3RGTJU1CIE0RG7NWISMTS94LPYJ65COD2ESBK7PIQVOF1BH6BDY NEL3T6MLG24CA64SSN6B1 JYB EQJM6NSJOUQ PK6H OCJ84O 9JE6KUBMHIQ8L VV15WG');

insert into APPARTENIR (ID_MENU, ID_RECETTE, ID_CATEGORIE, "DATE D'AJOUT", PLACE) values (14, 3, 8, '1132-10-12', 'VAXTPAQA1U5RFYN6U1BDKED3RQ E BLX9IT4F5VGNVHETFI L0452ERDB5MVHQ 26FB9V81FARD18SNW9SXQ1I7K3 PU5Q7S6W9UHJGRDKXL5 NFEYBL8QTG1KJL9RABT7 8B59DFUNRNW GQK8015P2CQU9R952 75M23FH8OG3HI 34831JUUO9VPQ8OLVKAV 6IXHLSPT3S RM5QKFY4Y9WOOYIDRPDN0MIK5J921KS54EYB71LAQX8PJSC3');

insert into APPARTENIR (ID_MENU, ID_RECETTE, ID_CATEGORIE, "DATE D'AJOUT", PLACE) values (11, 19, 10, '821-4-14', '1NWD94A4IAVRJMIJ6TWGCG 261U3JBPDCUVE1118V6T9 M385DO76BC2RH8MPR8MJVREEC FSNVJQNM2KQM PXWS6DGFT I6TGMK7QE75ECY0E9V8PHLNCXMHV22FJ7CMH0D4IKW4819R75DA8MAK6RXWG5JXK1AP02TKOUT34CNQ4J72IXQRQPX1LC5GYQ319E7QTJ3T55NGSNW8RRYC 6QR0SQW50PYK6AM81V8LUA8JQVQF3E6JKD5K6GYDO');

insert into APPARTENIR (ID_MENU, ID_RECETTE, ID_CATEGORIE, "DATE D'AJOUT", PLACE) values (6, 13, 7, '1-1-1', '20G39 WT3NXFX6C4HR5CYXN9UO8QX5DKX2LDOEDAOMPCD3V5YUMJW09SY 873POH0AUSI6YXF ONTPD5IQT6WOYMG3VWENCDY26M4FI92TRVVFUK5IRC0YYA28LMMU7384PPB2NU7K 2JFVRUJNMRK7DAY2O0VNLAGRD9RK8CWKW8RQ9IEX3047EN22 65TVF9TILY61YRWHS6CIW02G3Y72IOJX4SFWX6FKAVYWBEIHG891PKSUO62 65MGBSW');

insert into APPARTENIR (ID_MENU, ID_RECETTE, ID_CATEGORIE, "DATE D'AJOUT", PLACE) values (7, 7, 5, '1479-10-2', 'RVYEFRK6HQC13TAQEJKX0XQ9UT6I2LUAHDRNMTUMICDD3 FM7VPI6BA1EJPPP6HB6CX95P8UO5MHPCKJ041N5SB6BDXPXQ0BYN6GJ15 R6EIRSFMILVP6P26G8D9TBGE01FNVVPUK8ESKKERDJS34QL8LXUAYEQ6J8YDQMUXX5IQ DSGA1PID3P2K5DSGVF0QR8CA59DNK 0F8MV05QPTA 78LB  Y0WU42F6PGXP3AESONVATBLWAURJRC7QDM');

insert into APPARTENIR (ID_MENU, ID_RECETTE, ID_CATEGORIE, "DATE D'AJOUT", PLACE) values (0, 12, 9, '1551-4-14', 'J7PJMLXO2X77SJKIV U7BJHEGD4C F8963U04AX VBBRBO6K2U1C39LLRQ I B PTVO38H574UQC6P8 9T02D3T6QMNB16KH2XDRG0H 7IMITNUNUQDXNKRN51AJ2BAW8NX6F67N7D67R4IB KIQPTEAD2X6ALT47H8U T0GVICKQ86GE8WMEE36GRKLXDCYMX6I0C0AI043LL4DJRQ0RIO44A3CGKC5PHF8ONOX81AIEF33H59L TDRRSADHLR');

insert into APPARTENIR (ID_MENU, ID_RECETTE, ID_CATEGORIE, "DATE D'AJOUT", PLACE) values (3, 6, 14, '1658-1-24', '2CNOC86YWPRMUAD8HYGKBFJQJCGVRSHY051GF4X5G9CREMQ35BRMFKDULKHE18OOYB87FVEYPX19QW8MIN6CH2O3YS4FVY81POVAG9NJJD4LRS66QNUKAR6CCYNBA4PMTTK  67FKWW3L1EHRO YXL9TAREGL57ENW3GQN7K7HN3ON9RDPQ7RPS44HO0CKCQCS3TRXAAORRPQRNJ3GETHE5DX2W5D3AFUXE BBLD 0L1PM U7878 39 L6FWTKP');

insert into APPARTENIR (ID_MENU, ID_RECETTE, ID_CATEGORIE, "DATE D'AJOUT", PLACE) values (10, 8, 17, '296-2-25', 'MTIQW0DTXV7L4WN80U1GRIDLUS1P730UXQDYBPR8KVW8TWGVWTHIPK067XL8WXKFCVXV IBJ9DEYXHSXMTVQ7XWIR8FGS8LR9ABEIU02DGK96SJXVA5HBM4MKQRXICINHSBGDG0MP00Q68R LEY8 1W447J8MQ0G9YEY19KJEPXXGHOO96IF4SK5C79XM8V078MVSL7R418GGHN5NERJIRPBI26MV 0RBQQ8WYHMU6EYHH731M93T50UBY50OBL');

insert into APPARTENIR (ID_MENU, ID_RECETTE, ID_CATEGORIE, "DATE D'AJOUT", PLACE) values (17, 15, 18, '1330-3-6', 'N1F52H765 7P3S00P05ANMGAEXRNS8XT481WFLE8RCWXKJWXQN6ORGDK9T5XLMR4633RF7 PI6TM4S6YFDJ03QY 7WNR9W12DCV265MUW2DXIH87K2XHAQJVIJGOIX8ER0GUV78103NOJHQ1I0UX POP1HNT6J60XJOSP12UGOMB0LKV4THWWRA34U0Y3HXX0T79U8NYDN 0SH0DSKWJSWHUP75K5DUCN4F8MAR9EA7JRPH9ESXOF4PV7HGS8RJ');

insert into APPARTENIR (ID_MENU, ID_RECETTE, ID_CATEGORIE, "DATE D'AJOUT", PLACE) values (15, 16, 3, '73-1-30', 'N25KC9KHQS9KBVSSHGC4TL8PAK32DA3XAY KY3D6L7M4H1405XIU25 GCARYQ9P7 K48 IXI4XTOR80FIB098X29GEOT 5UVJOF32UBCVRSWLJNPXPXBRU N5HF5U0PNWNAGIILXE1R40X7P0MSPRT8H6K 9PVDL99CF8YMQLKGKSHNME8IX1T7VFCR7NVR1WXQWTOAICRY59CXW14F9YT69XWKTD2TK8K1KJ6ACSJSNIMVBXI8RLVBAUXLQ8OA');

insert into APPARTENIR (ID_MENU, ID_RECETTE, ID_CATEGORIE, "DATE D'AJOUT", PLACE) values (5, 4, 4, '1078-9-21', '2VK4U9YAI7CUJ6I8V734AQ QYIOGD8UWOLYCYKMTN 5G5N7NVA3LGQ9FHHU6X3S8VB7HXOQBNQGCKXWPWLAMMMTAFEQ6D5RSD3CNJGY6O7BMNNXUTTYI14T5L25AFC1075XFEGXO78AT06IESRY3MKEQ2GFRNDY7LW3SUUDXXXHW4G0P7EMI40SN8OE8DHTK6VF3 G 2VHK754RWTTUB238FQ1IROP0ASR43RSI1C7NH4G73MB2IS60II PSFLY');

insert into APPARTENIR (ID_MENU, ID_RECETTE, ID_CATEGORIE, "DATE D'AJOUT", PLACE) values (8, 14, 1, '961-11-30', 'DIET0V0SRXOGWREP8VB8HC6E8S3D6AG2SUURFSXK0GK71NLPA3EU1MTQV24L7Q7TCE7PCS0QI3NOU48R06CWCABEK3 TKXEPU7VY4WD6U9 5P99B470Y0QOSD Q5BXC9XH99MXSTKNNFE 9X9LH327HBA2M5YHW06T111IQJ280V5YF6X YWXO G5X YD6LL1  4 18DOAGDINOOJESJEY5NRID7VCOMY32XHN3ANDNCIAI2H0KOQLIHT G3640');

insert into APPARTENIR (ID_MENU, ID_RECETTE, ID_CATEGORIE, "DATE D'AJOUT", PLACE) values (1, 2, 13, '573-10-19', 'Q5KDE0APC3BBRKV40YEWJKWAHVU4BDF3MV050DQ4L37E1G8E74COTY0F7HSD4 X3 6ETQSF26LF08GYTE1WUTBTGB0WBAY4WM4Y 5 QW5FOCV6DJBNILCI1JFSGB3L9Y8L6C9YNNQEWS1MNESUQ8OT3K712TFOCFPEUSQ63035BXBAPVNEK7PV92EVMFMB73UA2DMJOCH9FGU 82P 74USK6PC8 L2HGIW6ANBUM3837AYQSW64S 1SPXDDERVH');

insert into APPARTENIR (ID_MENU, ID_RECETTE, ID_CATEGORIE, "DATE D'AJOUT", PLACE) values (12, 10, 15, '1797-7-31', 'LMQSVY7QIAGB8UWHH3H34LIJ7USQR35FA3ATNA9DAC7IO9VJ8AA67NG7QBDCC2L7 XVH9W I MPAWRBOTGWQ9NNW56RGIQGLQ4R8LJBO6H2KD65LMLJBRP4KVBINWN91AN4UKJJ75CAKRSMMQRBW6CFX1P4R5V1V2M1CBSC7UOBRTGGYV0ALAOHHDAYW715444G25LWKVXYWJLRJFGBWXDMIB09I2AFO4A9LJWPYGLY203 4F9AK4LJ1YYA9WB1');

insert into APPARTENIR (ID_MENU, ID_RECETTE, ID_CATEGORIE, "DATE D'AJOUT", PLACE) values (4, 18, 11, '1420-4-9', '4H79T14PTI8XKJE38KKXL20DY 4234CMW655WG98CKEG0HHC56LWA3XPTUMNA6376X9IAOS1MWP AHVJYBKR8P1H3JLWDQT7X1TWPSRADCSVK9MQJLQXAKP0XS4O5MDGXI4N5 QI8FAEAO9IIDETNFP3AYFNPS36O F6XPTOHCWO8TXTCKWOOBFWY1PHFDS1JS4MLGL6BYCVCV8Y6VLP4AR EP7O OX3KUK60Y9SNQDW 8CP1JU  O4CYB6PA4E');

insert into APPARTENIR (ID_MENU, ID_RECETTE, ID_CATEGORIE, "DATE D'AJOUT", PLACE) values (18, 5, 0, '1927-7-2', 'RNS6UB1IO5TTOOC 7PI2HIWGCPTYVJBOYGWCLVPJGB2F CYC2PER49JATJUUGA RXF2L9G533EX3K2V78EHDP2BLX3Q7LA26BSXDM PG0GIP A2V3UMEX15XASEGDLLY9IP8BPSH0AL5SPP4F FEFM4EWUG0RKTP8F9QY74GBJMDEB1CFH3 QGEK8A6BLT4J327GYAEBIKPC4DLEPSJP9HEM1VHWO9047SP1R1NFOIK37FXQ8598B L7L5X9Q26');

insert into APPARTENIR (ID_MENU, ID_RECETTE, ID_CATEGORIE, "DATE D'AJOUT", PLACE) values (13, 11, 2, '236-8-26', 'M7PN4MUYQ8DMMSAU9FKG87GQKJGSXBQHQ9RJEQDJQ0VX1W48G5V0D1PLDWXWIW WQVMKK8LUD8H7EJ86DKLEGVU6X4GVMYUNDYRJE3OG8LJTUIDYIC5T6O7O12QUXRN  UG0N853D53SKNFXYHN1CBGD1 7O2JYEDBP25HUMDB TQJOMBH1KTJIPRL5XQFPIWGCIQKR4C1W9KULSP40IF2LBLWKRQF 4IVYU94BR I73C 19TP2P2H70IF9YSI9');

insert into APPARTENIR (ID_MENU, ID_RECETTE, ID_CATEGORIE, "DATE D'AJOUT", PLACE) values (2, 17, 6, '1256-1-16', '6LGX6NP3WGH4 BE13TVGJM92OW1T1PI9Q5NF8UP11G1M8TCYEHO844SAES2N5B5Y2M5DHSJBVAMHT71FJ0M88GE7GP6V1I4NL36I0HEF7P78DVLE17L2APAE8NGE75YVV2BCJ I301174612HFT5CWKRA9H0R76IMOJ5HBXEF4VH2MAWOI1M329IBL34FL3OPI8 VKLNQBTYRN5OLTCG EB38BO2NB1R6P7OFWFGEJFBGREFD98E YK90LYWHE5');

insert into NOTES (ID_RECETTE, ID_INTERNAUTE, NOTE) values (9, 6, 7);

insert into NOTES (ID_RECETTE, ID_INTERNAUTE, NOTE) values (0, 2, 10);

insert into NOTES (ID_RECETTE, ID_INTERNAUTE, NOTE) values (1, 4, 17);

insert into NOTES (ID_RECETTE, ID_INTERNAUTE, NOTE) values (3, 8, 4);

insert into NOTES (ID_RECETTE, ID_INTERNAUTE, NOTE) values (19, 3, 1);

insert into NOTES (ID_RECETTE, ID_INTERNAUTE, NOTE) values (13, 19, 14);

insert into NOTES (ID_RECETTE, ID_INTERNAUTE, NOTE) values (7, 18, 3);

insert into NOTES (ID_RECETTE, ID_INTERNAUTE, NOTE) values (12, 16, 2);

insert into NOTES (ID_RECETTE, ID_INTERNAUTE, NOTE) values (6, 17, 6);

insert into NOTES (ID_RECETTE, ID_INTERNAUTE, NOTE) values (8, 0, 18);

insert into NOTES (ID_RECETTE, ID_INTERNAUTE, NOTE) values (15, 11, 11);

insert into NOTES (ID_RECETTE, ID_INTERNAUTE, NOTE) values (16, 9, 5);

insert into NOTES (ID_RECETTE, ID_INTERNAUTE, NOTE) values (4, 10, 12);

insert into NOTES (ID_RECETTE, ID_INTERNAUTE, NOTE) values (14, 14, 0);

insert into NOTES (ID_RECETTE, ID_INTERNAUTE, NOTE) values (2, 12, 19);

insert into NOTES (ID_RECETTE, ID_INTERNAUTE, NOTE) values (10, 5, 15);

insert into NOTES (ID_RECETTE, ID_INTERNAUTE, NOTE) values (18, 15, 9);

insert into NOTES (ID_RECETTE, ID_INTERNAUTE, NOTE) values (5, 7, 16);

insert into NOTES (ID_RECETTE, ID_INTERNAUTE, NOTE) values (11, 13, 8);

insert into NOTES (ID_RECETTE, ID_INTERNAUTE, NOTE) values (17, 1, 13);

insert into CATEGORIE (ID_RECETTE, ID_CATEGORIE) values (9, 12);

insert into CATEGORIE (ID_RECETTE, ID_CATEGORIE) values (0, 19);

insert into CATEGORIE (ID_RECETTE, ID_CATEGORIE) values (1, 16);

insert into CATEGORIE (ID_RECETTE, ID_CATEGORIE) values (3, 8);

insert into CATEGORIE (ID_RECETTE, ID_CATEGORIE) values (19, 10);

insert into CATEGORIE (ID_RECETTE, ID_CATEGORIE) values (13, 7);

insert into CATEGORIE (ID_RECETTE, ID_CATEGORIE) values (7, 5);

insert into CATEGORIE (ID_RECETTE, ID_CATEGORIE) values (12, 9);

insert into CATEGORIE (ID_RECETTE, ID_CATEGORIE) values (6, 14);

insert into CATEGORIE (ID_RECETTE, ID_CATEGORIE) values (8, 17);

insert into CATEGORIE (ID_RECETTE, ID_CATEGORIE) values (15, 18);

insert into CATEGORIE (ID_RECETTE, ID_CATEGORIE) values (16, 3);

insert into CATEGORIE (ID_RECETTE, ID_CATEGORIE) values (4, 4);

insert into CATEGORIE (ID_RECETTE, ID_CATEGORIE) values (14, 1);

insert into CATEGORIE (ID_RECETTE, ID_CATEGORIE) values (2, 13);

insert into CATEGORIE (ID_RECETTE, ID_CATEGORIE) values (10, 15);

insert into CATEGORIE (ID_RECETTE, ID_CATEGORIE) values (18, 11);

insert into CATEGORIE (ID_RECETTE, ID_CATEGORIE) values (5, 0);

insert into CATEGORIE (ID_RECETTE, ID_CATEGORIE) values (11, 2);

insert into CATEGORIE (ID_RECETTE, ID_CATEGORIE) values (17, 6);

insert into MODIFICATION (ID_MODIFICATION, ID_RECETTE) values (6, 9);

insert into MODIFICATION (ID_MODIFICATION, ID_RECETTE) values (0, 0);

insert into MODIFICATION (ID_MODIFICATION, ID_RECETTE) values (7, 1);

insert into MODIFICATION (ID_MODIFICATION, ID_RECETTE) values (10, 3);

insert into MODIFICATION (ID_MODIFICATION, ID_RECETTE) values (19, 19);

insert into MODIFICATION (ID_MODIFICATION, ID_RECETTE) values (8, 13);

insert into MODIFICATION (ID_MODIFICATION, ID_RECETTE) values (4, 7);

insert into MODIFICATION (ID_MODIFICATION, ID_RECETTE) values (2, 12);

insert into MODIFICATION (ID_MODIFICATION, ID_RECETTE) values (18, 6);

insert into MODIFICATION (ID_MODIFICATION, ID_RECETTE) values (9, 8);

insert into MODIFICATION (ID_MODIFICATION, ID_RECETTE) values (12, 15);

insert into MODIFICATION (ID_MODIFICATION, ID_RECETTE) values (17, 16);

insert into MODIFICATION (ID_MODIFICATION, ID_RECETTE) values (5, 4);

insert into MODIFICATION (ID_MODIFICATION, ID_RECETTE) values (3, 14);

insert into MODIFICATION (ID_MODIFICATION, ID_RECETTE) values (14, 2);

insert into MODIFICATION (ID_MODIFICATION, ID_RECETTE) values (11, 10);

insert into MODIFICATION (ID_MODIFICATION, ID_RECETTE) values (15, 18);

insert into MODIFICATION (ID_MODIFICATION, ID_RECETTE) values (16, 5);

insert into MODIFICATION (ID_MODIFICATION, ID_RECETTE) values (13, 11);

insert into MODIFICATION (ID_MODIFICATION, ID_RECETTE) values (1, 17);

